origName,cleanName
"17TH STREET PHOTO SUPPLY INCORPORATED	","17th Street Photo Supply	"
"24/7 DELIVERY SERVICE	","24/7 Delivery Service	"
"24/7 ENTERPRISES, LLC	","24/7 Enterprises	"
"360 IT INTEGRATED SOLUTIONS	","360 IT Integrated Solutions	"
"360 TOTAL CONCEPT CONSULTING, INC.	","360 Total Concept Consulting	"
"3M COMPANY (7775)	",3M Company
"4IMPRINT, INC.	","4Imprint	"
"7655762 CANADA INC	","7655762 Canada	"
"A T D-AMERICAN CO	","A T D-American	"
"A-1 FREEMAN RELOCATION SERVICES, INC.	","A-1 Freeman Relocation Services	"
"A. HAROLD AND ASSOCIATES LLC	","A. Harold and Associates	"
"A1 TECH PAL, INC	","A1 Tech Pal	"
"A2Z SUPPLY CORP	","A2Z Supply 	"
"AARDVARK	","Aardvark	"
"ABBA TECHNOLOGIES INC	","Abba Technologies	"
"ABM FEDERAL SALES, INC.	","ABM Federal Sales	"
"ABM INDUSTRIES INCORPORATED	","ABM Industries	"
"ABM INDUSTRY GROUPS, LLC	","ABM Industry Groups	"
"ABM PARKING SERVICES, INC.	","ABM Parking Services	"
"ACAMS INC	","Acams	"
"ACCESS DISTRIBUTORS, INC	","Access Distributors	"
"ACCESS PRODUCTS, INC	","Access Products	"
"ACCESSDATA GROUP INC.	","Accessdata Group	"
"ACE PARKING MANAGEMENT, INC.	","Ace Parking Management	"
"ACME SUPPLY CO., LTD	","Acme Supply Co.	"
"ACORN OFFICE PRODUCTS LLC	","Acorn office Products	"
"ACORN OFFICE PRODUCTS, LLC	","Acorn office Products	"
"ACT SERVICES CORP	","Act Services 	"
"ACTION WORKPLACE SERVICE	","Action Workplace Service	"
"ACTIONABLE INTELLIGENCE TECHNOLOGIES, INC.	","Actionable Intelligence Technologies	"
"ACUITY, INC.	","Acuity	"
"ADAMS EVIDENCE GRADE TECHNOLOGY, INC.	","Adams Evidence Grade Technology	"
"ADAPT PHARMA INC.	","Adapt Pharma	"
"ADAPTIVE DIGITAL SYSTEMS, INC.	","Adaptive Digital Systems	"
"ADORAMA INC.	","Adorama	"
"ADVANCED DEFENSE TECHNOLOGIES INC.	","Advanced Defense Technologies	"
"ADVANCED EDUCATIONAL PRODUCTS, INC.	","Advanced Educational Products	"
"ADVANCED MARKETING & SALES ASSOCIATES	","Advanced Marketing & Sales Associates	"
"ADVANCED TECHNOLOGIES AND LABO	","Advanced Technologies and Labo	"
"ADVANCED TECHNOLOGY GROUP, INC.	","Advanced Technology Group	"
"ADVANTAGE TECHNOLOGIES, INC.	","Advantage Technologies	"
"AEEC, LLC	",AEEC
"AERO MOBILITY, INC.	","Aero Mobility	"
"AEROSTAR AIRPORT HOLDINGS, LLC	","Aerostar Airport Holdings	"
"AF&S PRODUCTS AND SERVICES LIMITED LIABILITY COMPANY	","AF&S Products and Services 	"
"AFFORDABLE INTERIOR SYSTEMS, INC.	","Affordable Interior Systems	"
"AHTNA SUPPORT AND TRAINING SERVICES, LLC	","Ahtna Support and Training Services	"
"AHURA SCIENTIFIC INC.	","Ahura Scientific	"
"AIKEN, R P & SON	","R.P. Aiken & Son	"
"AIMPOINT, INC.	","Aimpoint	"
"AIR MANAGEMENT SOLUTIONS INC	","Air Management Solutions	"
"AIRCRAFT TRANSPORT SERVICES, INC.	","Aircraft Transport Services	"
"AKIMA GLOBAL SERVICES, LLC	","Akima Global Services	"
"AKIRA TECHNOLOGIES, INC	","Akira Technologies	"
"AKIRA TECHNOLOGIES, INC.	","Akira Technologies	"
"ALERT HOLDINGS GROUP, INC.	","Alert Holdings Group	"
"ALEXANDER ELECTRIC CO.	","Alexander Electric Co.	"
"ALL POINTS LOGISTICS INCORPORATED	","All Points Logistics	"
"ALLCLEAR ID, INC.	",Allclear ID
"ALLIED MODULAR BUILDING SYSTEMS INCORPORATED	","Allied Modular Building Systems	"
"ALLWORLD LANGUAGE CONSULTANTS INC.	","Allworld Language Consultants	"
"ALON INCORPORATED	","Alon	"
"ALPHAPOINTE	","Alphapointe	"
"ALTA LANGUAGE SERVICES, INC	","Alta Language Services	"
"ALTEC INDUSTRIES INC	","Altec Industries	"
"ALTEC INDUSTRIES, INC.	","Altec Industries	"
"ALUTIIQ DIVERSIFIED SERVICES, LLC	","Alutiiq Diversified Services	"
"ALVAREZ & ASSOCIATES, LLC	","Alvarez & Associates	"
"AMAZON.COM LLC	","Amazon.com	"
"AMERICAN ALARM & COMMUNICATIONS, INC.	","American Alarm & Communications	"
"AMERICAN CORRECTIONAL ASSOCIATION, THE	","The American Correctional Association	"
"AMERICAN EXPEDITING COMPANY	","American Expediting Company	"
"AMERICAN FIREARMS SCHOOL, LLC	","American Firearms School	"
"AMERICAN IMMIGRATION LAWYERS ASSOCIATION	","American Immigration Lawyers Association	"
"AMERICAN PURCHASING SERVICES, LLC	","American Purchasing Services	"
"AMERICAN SECURITY PROGRAMS, IN	","American Security Programs	"
"AMERICAN TONER & INK	","American Toner & Ink	"
"AMMUNITION ACCESSORIES INC.	","Ammunition Accessories	"
"AMPED SOFTWARE INC.	","Amped Software	"
"AMRON INTERNATIONAL DIVING SUPPLY INCORPORATED	","Amron International Diving Supply	"
"ANA-LAB CORPORATION	",Ana-Lab
"ANACAPA MICRO PRODUCTS, INC.	","Anacapa Micro Products	"
"ANCHORTEX CORPORATION	",Anchortex
"ANGELES SHOOTING RANGES INCORPORATED	","Angeles Shooting Ranges	"
"ANNAMS SYSTEMS CORPORATION	",Annams Systems
"ANSI-ASQ NATIONAL ACCREDITATION BOARD, LLC	","ANSI-ASQ National Accreditation Board	"
"ANTEON CORPORATION	",Anteon
"APL ACCESS & SECURITY, INC.	","APL Access & Security	"
"APPLIED FUNDAMENTALS CONSULTING LLC	","Applied Fundamentals Consulting	"
"ARAMARK UNIFORM & CAREER APPAREL, LLC	","Aramark Uniform & Career Apparel	"
"ARC ASPICIO LIMITED LIABILITY COMPANY	","Arc Aspicio 	"
"ARC ASPICIO LLC	","Arc Aspicio	"
"ARC OF CUMBERLAND AND PERRY COUNTIES, THE	","The Arc of Cumberland and Perry Counties	"
"ARCOS DE ORO, LLC	","Arcos De Oro	"
"ARDENT MANAGEMENT CONSULTING INCORPORATED	","Ardent Management Consulting	"
"ARS ALEUT CONSTRUCTION, LLC	","Ars Aleut Construction	"
"ASE DIRECT, INC.	","Ase Direct	"
"ASSET PROTECTION & SECURITY SERVICES, L.P.	","Asset Protection & Security Services	"
"ASSET SECURITY TRACKING RECOVE	","Asset Security Tracking Recove	"
"ASSO FOR THE BLIND AND VISUALLY IMPAIRED-GOODWILL INDUSTRIES OF GREATER ROCHESTER, INC.	","Asso For The Blind and Visually Impaired-Goodwill Industries of Greater Rochester	"
"ASSOCIATED SERVICES INC	","Associated Services	"
"ASSOCIATION FOR THE BLIND AND VISUALLY IMPAIRED OF GREATER ROCHESTER, INC.	","Association For The Blind and Visually Impaired of Greater Rochester	"
"ASSOCIATION OF GOVERNMENT ACCOUNTANTS	","Association of Government Accountants	"
"ASTROPHYSICS INC.	","Astrophysics	"
"AT YOUR SERVICE HEATING & COOLING, LLC	","At Your Service Heating & Cooling	"
"AT&T MOBILITY LLC	","AT&T Mobility	"
"ATHENS TECHNICAL SPECIALISTS, INC	","Athens Technical Specialists	"
"ATK SPORTING GROUP LLC	","ATK Sporting Group	"
"ATKINSON-BAKER, INC.	","Atkinson-Baker	"
"ATLANTIC DIVING SUPPLY INCORPORATED	","Atlantic Diving Supply	"
"ATLANTIC DIVING SUPPLY, INC.	","Atlantic Diving Supply	"
"ATLANTIC MANAGEMENT CENTER INCORPORATED	","Atlantic Management Center	"
"ATLANTIC PETROLEUM & MINERAL RESOURCES, INC	","Atlantic Petroleum & Mineral Resources	"
"ATLANTIC SIGNAL LLC	","Atlantic Signal	"
"AURORA SPORTSMENS CLUB	","Aurora Sportsmens Club	"
"AUTOCLEAR LLC	","Autoclear	"
"AUTOMATION AIDS, INC	","Automation Aids	"
"AVAYA FEDERAL SOLUTIONS, INC.	","Avaya Federal Solutions	"
"AXISCORE LIMITED LIABILITY COMPANY	","Axiscore 	"
"AZIMUTH CORPORATION	",Azimuth
"B & H FOTO & ELECTRONICS CORP.	","B & H Foto & Electronics	"
"B & K TECHNOLOGY SOLUTIONS INC	","B & K Technology Solutions	"
"B.E. MEYERS & CO. INC.	","B.E. Meyers & Co.	"
"B.I. INCORPORATED	","B.I.	"
"B.V. OIL COMPANY, INC.	","B.V. Oil Company	"
"B5 SYSTEMS, INC.	","B5 Systems	"
"BABCO INTERNATIONAL, INC.	","Babco International	"
"BAE SYSTEMS AEROSPACE & DEFENSE GROUP INC.	","BAE Systems Aerospace & Defense Group	"
"BAHFED CORP	","BahFed 	"
"BAHFED CORP.	","BahFed	"
"BARLING BAY LLC	","Barling Bay	"
"BATTLE RESOURCE MANAGEMENT, INC.	","Battle Resource Management	"
"BCS SYSTEMS, INC.	","BCS Systems	"
"BEACON TELECOM INC	","Beacon Telecom	"
"BELLSOUTH TELECOMMUNICATIONS, INC.	","Bellsouth Telecommunications	"
"BEN FITZGERALD REAL ESTATE SERVICES LLC	","Ben Fitzgerald Real Estate Services	"
"BENCHMARK FILING & SHEVLING SYSTEMS	","Benchmark Filing & Shevling Systems	"
"BENEFIT PLANNING INCORPORATED	","Benefit Planning	"
"BENNET COMMUNICATIONS INC	","Bennet Communications	"
"BEST-TEC ASBESTOS ABATEMENT, INC.	","Best-Tec Asbestos Abatement	"
"BISHOP & ASSOCIATES INC	","Bishop & Associates	"
"BIZFLOW CORP.	","Bizflow	"
"BLACK DIAMOND GUN CLUB	","Black Diamond Gun Club	"
"BLACK GOLD INDUSTRIES	","Black Gold Industries	"
"BLACKSTONE TECHNOLOGY GROUP	","Blackstone Technology Group	"
"BLUE CANOPY GROUP, LLC	","Blue Canopy Group	"
"BLUE FISH WORX, L.P.	","Blue Fish Worx	"
"BLUE TECH INC.	","Blue Tech	"
"BLUELINE TACTICAL AND POLICE SUPPLY, LLC	","Blueline Tactical and Police Supply	"
"BML TOOL & MFG CORP.	","BML Tool & MFG	"
"BNC ENTERPRISES LLC	","BNC Enterprises	"
"BOB BARKER COMPANY INCORPORATED	","Bob Barker Company	"
"BOB BARKER COMPANY, INC.	","Bob Barker Company	"
"BONNER, COUNTY OF	","County of Bonner	"
"BOOFIGHTER LLC	","Boofighter	"
"BOOZ ALLEN HAMILTON ENGINEERING SERVICES LLC	","Booz Allen Hamilton Engineering Services	"
"BOOZ ALLEN HAMILTON INC	","Booz Allen Hamilton	"
"BOOZ ALLEN HAMILTON INC.	","Booz Allen Hamilton	"
"BOOZ ALLEN HAMILTON INCORPORATED (3626)	","Booz Allen Hamilton	"
"BOSS INNOVATION & MARKETING	","Boss Innovation & Marketing	"
"BOTACH TACTICAL	","Botach Tactical	"
"BOTTOM LINE MILITARY SALES, LLC	","Bottom Line Military Sales	"
"BOVARD INC	","Bovard	"
"BOWHEAD COMMUNICATION SERVICES, LLC	","Bowhead Communication Services	"
"BOWHEAD SUPPORT GROUP LLC	","Bowhead Support Group	"
"BRANDED GLOBAL PARTNERS, LLC	","Branded Global Partners	"
"BRANTLEY BROS MOVING & STOR CO	","Brantley Bros Moving & Stor	"
"BREACHING TECHNOLOGIES, INC.	","Breaching Technologies	"
"BREDE-WASHINGTON, INC.	","Brede-Washington	"
"BROADCAST MICROWAVE SERVICES, INC.	","Broadcast Microwave Services	"
"BROMBERG AND ASSOCIATES LIMITED LIABILITY COMPANY	","Bromberg and Associates 	"
"BROWN POINT FACILITY MANAGEMENT SOLUTIONS, LLC	","Brown Point Facility Management Solutions	"
"BSE PERFORMANCE LLC	","BSE Performance	"
"BUCKSTAFF PUBLIC SAFETY INCORPORATED	","Buckstaff Public Safety	"
"BUDDY'S SNACK BAR	","Buddy's Snack Bar	"
"BULLETIN NEWS, LLC	","Bulletin News	"
"C & C INTERNATIONAL COMPUTERS & CONSULTANTS, INC.	","C & C International Computers & Consultants	"
"C & M TRUCK & TIRE REPAIR CORP	","C & M Truck & Tire Repair 	"
"C.F.I. DELIVERY, LTD.	","C.F.I. Delivery,	"
"C2G, LTD CO.	","C2G Co.	"
"CACI-ISS, INC.	",CACI-ISS
"CALIFORNIA HIGHWAY PATROLMAN'S CLUB	","California Highway Patrolman's Club	"
"CALLYO 2009 CORP.	","Callyo 2009	"
"CALSPAN CORPORATION	",Calspan
"CAMBRIDGE INTERNATIONAL SYSTEMS INC.	","Cambridge International Systems	"
"CANAL ALARM DEVICES, INC.	","Canal Alarm Devices	"
"CANNON IV, INC.	",Cannon LV
"CANON U.S.A., INC.	",Canon USA
"CAPGEMINI GOVERNMENT SOLUTIONS LLC	","Capgemini Government Solutions	"
"CAPITAL COMPRESSOR, INC.	","Capital Compressor	"
"CAPITAL SHREDDER CORP	","Capital Shredder	"
"CAPITOL DIGITAL DOCUMENT SOLUTIONS	","Capitol Digital Document Solutions	"
"CAPP, INC.	","CAPP	"
"CAPRICE ELECTRONICS, INC.	","Caprice Electronics	"
"CARAHSOFT TECHNOLOGY CORP.	","Carahsoft Technology	"
"CARAHSOFT TECHNOLOGY CORPORATION	",Carahsoft Technology
"CAREY & COMPANY, LTD.	","Carey & Company,	"
"CARIBBEAN SCHOOL INC.	","Caribbean School	"
"CAROL DAVIS REPORTING, RECORDS & VIDEO, INC.	","Carol Davis Reporting, Records & Video	"
"CARTRIDGE TECHNOLOGIES, INC.	","Cartridge Technologies	"
"CASCADE NETWORKS, INC.	","Cascade Networks	"
"CBT NUGGETS, LLC	","CBT Nuggets	"
"CBT SUPPLY, INC.	","CBT Supply	"
"CDW GOVERNMENT LLC	","CDW Government	"
"CEIA USA LLC	","CEIA USA	"
"CELLCO PARTNERSHIP DBA VERIZON WIRELESS	","Cellco Partnership Dba Verizon Wireless	"
"CELLEBRITE INC.	","Cellebrite	"
"CELLEBRITE USA CORP	","Cellebrite USA	"
"CENTRAL ASSOCIATION FOR THE BLIND, INC.	","Central Association For The Blind	"
"CENTRAL LAKE ARMOR EXPRESS, INC.	","Central Lake Armor Express	"
"CENTRAL PARKING CORPORATION	",Central Parking
"CENTRAL STATES WIRE PRODUCTS INCORPORATED	","Central States Wire Products	"
"CENTRAL TRANSPORTATION SYSTEMS, INC	","Central Transportation Systems	"
"CENTURION GROUP INCORPORATED THE	",The Centurion Group
"CERTIFIED LANGUAGES INTERNATIONAL, L.L.C.	",Certified Languages International
"CHAINALYSIS INC.	","Chainalysis	"
"CHENEGA FACILITIES MANAGEMENT, LLC	","Chenega Facilities Management	"
"CHIEF SUPPLY CORPORATION	",Chief Supply
"CHILD RESCUE COALITION, INC.	","Child Rescue Coalition	"
"CICELY B HUDSON SOLUTIONS LLC	","Cicely B Hudson Solutions	"
"CIH SUPPORT, LLC	","CIH Support	"
"CISCO-EAGLE, INC.	","Cisco-Eagle	"
"CITIZANT, INC.	","Citizant	"
"CJEN INC.	",CJEN
"CLASSIC AIR CHARTER INC.	","Classic Air Charter	"
"CLEARAVENUE LIMITED LIABILITY COMPANY	","Clearavenue 	"
"CLEARAVENUE, LLC	","Clearavenue	"
"CLEATECH LLC	","Cleatech	"
"CLOSE QUARTERS TACTICAL, LLC	","Close Quarters Tactical	"
"CLOUDBURST TECHNOLOGIES LLC	","Cloudburst Technologies	"
"CLUB CAR, LLC	","Club Car	"
"COGENT SOLUTIONS	","Cogent Solutions	"
"COLD BOX EXPRESS LLC	","Cold Box Express	"
"COLMA, CITY OF	","City of Colma	"
"COLONIAL PARKING INC	","Colonial Parking	"
"COLT DEFENSE LLC	","Colt Defense	"
"COMBINED SYSTEMS, INC.	","Combined Systems	"
"COMCAST BUSINESS COMMUNICATIONS, LLC	","Comcast Business Communications	"
"COMCAST CABLE COMMUNICATIONS, LLC	","Comcast Cable Communications	"
"COMMERCIAL MOVING SOLUTIONS, INC.	","Commercial Moving Solutions	"
"COMMUNICATIONS APPLIED TECHNOLOGY COMPANY INCORPORATED	","Communications Applied Technology Company	"
"COMPASS HOUSE	","Compass House	"
"COMPLETE BOOK & MEDIA SUPPLY I	","Complete Book & Media Supply	"
"COMPLETE PACKAGING & SHIPPING	","Complete Packaging & Shipping	"
"COMPONENT SOURCING GROUP	","Component Sourcing Group	"
"COMPREHENSIVE HEALTH SERVICES, INC.	","Comprehensive Health Services	"
"COMPU DYNAMICS, LLC	","Compu Dynamics	"
"COMPUTECH INTERNATIONAL, INC.	","Computech International	"
"COMPUTER PROJECTS OF ILLINOIS, INC.	","Computer Projects of Illinois	"
"COMPUTER SCIENCES CORPORATION	",Computer Sciences
"CONCEALED TECHNOLOGY SERVICES INC.	","Concealed Technology Services	"
"CONCUR TECHNOLOGIES, INC.	","Concur Technologies	"
"CONDUIT LANGUAGE SPECIALISTS, INC.	","Conduit Language Specialists	"
"CONDUIT TRANSCRIPTIONS, LLC	","Conduit Transcriptions	"
"CONFERENCE TECHNOLOGIES, INC.	","Conference Technologies	"
"CONNECTICUT TRAILERS, INC.	","Connecticut Trailers	"
"CONTINENTAL TRANSPORTATION SOLUTIONS, INC.	","Continental Transportation Solutions	"
"CONTRACT FURNISHINGS, INC.	","Contract Furnishings	"
"CONVERGINT TECHNOLOGIES LLC	","Convergint Technologies	"
"COOKIE'S DME INC	",Cookie's DME
"COPIER FAX BUSINESS TECHNOLOGIES, INC.	","Copier Fax Business Technologies	"
"COPPER RIVER ENTERPRISE SERVICES, LLC	","Copper River Enterprise Services	"
"CORDOVA SUPPORT SERVICES LIMITED	",Cordova Support Services
"CORNELL COMPANIES, INC.	","Cornell Companies	"
"CORONADO DISTRIBUTION COMPANY, INC.	","Coronado Distribution Company	"
"CORP TEN INTERNATIONAL	","Corp Ten International	"
"CORPORATE EXECUTIVE BOARD COMPANY, THE	","The Corporate Executive Board Company	"
"CORPORATE SOURCE, INC., THE	","The Corporate Source	"
"CORRECTIONS CORPORATION OF AMERICA	","Corrections Corporation of America	"
"COSTCONTROL USA LLC	","Costcontrol USA	"
"COUNTY OF CLARK	","County of Clark	"
"COUNTY OF LANE	","County of Lane	"
"COUNTY OF ORANGE	","County of Orange	"
"COUNTY OF TWIN FALLS	","County of Twin Falls	"
"COWBOY STREETLIGHT CONCEALMENTS LLC	","Cowboy Streetlight Concealments	"
"COX ARIZONA TELCOM, L.L.C.	","Cox Arizona Telcom,	"
"COXCOM, INC.	","Coxcom	"
"COXCOM, LLC	","Coxcom	"
"CQ-ROLL CALL, INC.	","CQ-Roll Call	"
"CREATIVE CORRECTIONS, L.L.C.	","Creative Corrections	"
"CRESCENT PRODUCTS, INC.	","Crescent Products	"
"CRESSTON COMPANY LLC, THE	","The Cresston Company	"
"CRIME INFORMATION CENTER ARKANSAS	","Crime Information Center Arkansas	"
"CRIME POINT, INC.	","Crime Point	"
"CROSSROADS COURIER INC.	","Crossroads Courier	"
"CROWNE PLAZA TAMPA WESTSHORE	","Crowne Plaza Tampa Westshore	"
"CSI AVIATION SERVICES, INC.	","CSI Aviation Services	"
"CSRA LLC	","CSRA	"
"CUBIC GLOBAL DEFENSE, INC.	","Cubic Global Defense	"
"CUMMINS-ALLISON CORP.	","Cummins-Allison	"
"CUSTOMER VALUE PARTNERS, INC.	","Customer Value Partners	"
"D'TEL COMMUNICATIONS, INC	","D'Tel Communications	"
"DAIGGER SCIENTIFIC, INC.	","Daigger Scientific	"
"DAKOTA CONSULTING INCORPORATED	","Dakota Consulting	"
"DANYA INTERNATIONAL LLC	","Danya International	"
"DATA FACTS INC	","Data Facts	"
"DATA PAGES INCORPORATED	","Data Pages	"
"DATUM FILING SYSTEMS, INC.	","Datum Filing Systems	"
"DAVILA & ASSOCIATES INC	","Davila & Associates	"
"DEAF ACCESS SOLUTIONS, INC	","Deaf Access Solutions	"
"DEFENSE POINT SECURITY, LLC	","Defense Point Security	"
"DELANY, SIEGEL, ZORN & ASSOCIATES, INC.	","Delany, Siegel, Zorn & Associates	"
"DELITOR INC	","Delitor	"
"DELL FEDERAL SYSTEMS L.P.	",Dell Federal Systems
"DELL MARKETING L.P.	",Dell Marketing
"DELL MARKETING LIMITED PARTNERSHIP	",Dell Marketing
"DELOITTE & TOUCHE L.L.P.	",Deloitte & Touche
"DELOITTE & TOUCHE LLP	",Deloitte & Touche
"DELOITTE CONSULTING LLP	",Deloitte Consulting
"DELUXE DELIVERY SYSTEMS INC.	","Deluxe Delivery Systems	"
"DEMUS ENTERPRISE CORP.	","Demus Enterprise	"
"DENTRUST DENTAL INTERNATIONAL, INC.	","Dentrust Dental International	"
"DENVER HEALTH AND HOSPITALS AUTHORITY	","Denver Health and Hospitals Authority	"
"DEPARTMENT OF EMERGENCY SERVICES AND PUBLIC PROTECTION	","Department of Emergency Services and Public Protection	"
"DESIGNSMITH LTD	","Designsmith Ltd	"
"DEV TECHNOLOGY GROUP, INC.	","Dev Technology Group	"
"DEVA & ASSOCIATES, P.C.	","Deva & Associates, P.C.	"
"DIALTONESERVICES L.P.	","DialToneServices	"
"DIGITAL INTELLIGENCE, INC.	","Digital Intelligence	"
"DIGITAL RECEIVER TECHNOLOGY, INC.	","Digital Receiver Technology	"
"DIVERSE STAFFING SERVICES, INC.	","Diverse Staffing Services	"
"DKW COMMUNICATIONS, INC.	","DKW Communications	"
"DLT SOLUTIONS, LLC	","DLT Solutions	"
"DOCUMENT IMAGING DIMENSIONS	","Document Imaging Dimensions	"
"DOCUMENT IMAGING DIMENSIONS INC.	","Document Imaging Dimensions	"
"DOLLAR THRIFTY AUTOMOTIVE GROUP, INC.	","Dollar Thrifty Automotive Group	"
"DONOGHUE, JOHN M	",John M Donoghue
"DTC COMMUNICATIONS, INC.	","DTC Communications	"
"DTM CORPORATION	",DTM
"DUN & BRADSTREET, INC.	","Dun & Bradstreet	"
"EAGLE HILL CONSULTING, LLC	","Eagle Hill Consulting	"
"EASTERN CAROLINA VOCATIONAL CENTER INCORPORATED	","Eastern Carolina Vocational Center	"
"EATON CORPORATION	",Eaton
"ECLINICALWORKS, LLC	","eClinicalWorks	"
"ECLIPSE BUSINESS GROUP, INC.	","Eclipse Business Group	"
"ECOLAB INC	","Ecolab	"
"ECOLOGY MIR GROUP LLC	","Ecology Mir Group	"
"ECONOMIC SYSTEMS, INC.	","Economic Systems	"
"ECOVANTAGE ENERGY, INC.	","Ecovantage Energy	"
"ECS FEDERAL, LLC	","ECS Federal	"
"EDGE TECHNOLOGY DISTRIBUTORS, INC.	","Edge Technology Distributors	"
"ELECTRONIC DATA CARRIERS, INC.	","Electronic Data Carriers	"
"ELECTRONIC RISKS CONSULTANTS, INC	","Electronic Risks Consultants	"
"ELEVATION LIMITED	",Elevation
"ELITE SHOOTING SPORTS LLC	","Elite Shooting Sports	"
"ELLISON SYSTEMS INCORPORATED	","Ellison Systems	"
"EMCOR GOVERNMENT SERVICES, INC.	","EMCOR Government Services	"
"EMERGENT, LLC	","Emergent	"
"EMS SAFETY SERVICES INC	","EMS Safety Services	"
"EMTEC FEDERAL INCORPORATED	","EMTEC Federal	"
"ENFORCEMENT TECHNOLOGY GROUP INCORPORATED	","Enforcement Technology Group	"
"ENGEL BALLISTIC RESEARCH INC	","Engel Ballistic Research	"
"ENTCO GOVERNMENT SOFTWARE LLC	","Entco Government Software	"
"ENTECH SALES AND SERVICE, INC.	","Entech Sales and Service	"
"ENTERPRISE RESOURCE PLANNED SYSTEMS INTERNATIONAL, LLC	","Enterprise Resource Planned Systems International	"
"ENTERPRISE TECHNOLOGY SOLUTIONS, INC.	","Enterprise Technology Solutions	"
"ENVIRONMENTAL QUALITY, TEXAS COMMISSION ON	",Texas Commission on Environmental Quality
"ENVIRONMENTAL SYSTEMS RESEARCH INSTITUTE, INC.	","Environmental Systems Research Institute	"
"ENVISAGE TECHNOLOGIES CORPORATION	",Envisage Technologies
"ENVISAGE TECHNOLOGIES, LLC	","Envisage Technologies	"
"ENVISION XPRESS, INC.	","Envision Xpress	"
"ENVISION, INC.	","Envision	"
"ERAD GROUP, INC.	","ERAD Group	"
"ERNST & YOUNG LLP	","Ernst & Young	"
"ERNST AND YOUNG LLP	",Ernst and Young
"ESCAL INSTITUTE OF ADVANCED TECHNOLOGIES, INC., THE	",The Escal Institute of Advanced Technologies
"ESCGOV	",ESCGOV
"EVACUSLED INC	","Evacusled	"
"EVIGILANT.COM INCORPORATED	","Evigilant.com	"
"EWA GOVERNMENT SYSTEMS, INC.	","EWA Government Systems	"
"EWING ELECTRONICS, INC.	","Ewing Electronics	"
"EXCELLA CONSULTING INCORPORATED	","Excella Consulting	"
"EXECUTIVE INFORMATION SYSTEMS,	","Executive Information Systems,	"
"EXECUTIVE INFORMATION SYSTEMS, LLC	","Executive Information Systems	"
"EXECUTIVE OFFICE OF THE STATE OF NORTH CAROLINA	","Executive office of The State of North Carolina	"
"EXPRESS ALLIANCE COURIER	","Express Alliance Courier	"
"EXXACT CORPORATION	",Exxact
"EZ PRINT SUPPLIES, INC.	","EZ Print Supplies	"
"F C I TECH INC.	","FCI Tech	"
"FAAC INCORPORATED	",FAAC
"FAMILY FIRST 5 INC.	","Family First 5	"
"FARBER SPECIALTY VEHICLES, INC	","Farber Specialty Vehicles	"
"FAX PLUS INCORPORATED	","Fax Plus	"
"FCN	",FCN
"FCN, INC.	",FCN
"FEDCAP REHABILITATION SERVICES, INC.	","Fedcap Rehabilitation Services	"
"FEDERAL CARTRIDGE COMPANY	","Federal Cartridge Company	"
"FEDERAL CONTRACTS CORP	","Federal Contracts 	"
"FEDERAL DEFENSE SOLUTIONS, INC.	","Federal Defense Solutions	"
"FEDERAL EXPRESS CORPORATION	",Federal Express
"FEDERAL FACILITATORS, LLC.	","Federal Facilitators	"
"FEDERAL HEARINGS AND APPEALS SERVICES, INC.	","Federal Hearings and Appeals Services	"
"FEDERAL LOCK AND SAFE, INCORPORATED	","Federal Lock and Safeorporated	"
"FEDERAL MANAGEMENT SYSTEMS, INC.	","Federal Management Systems	"
"FEDERAL PRISON INDUSTRIES INC	","Federal Prison Industries	"
"FEDERAL PRISON INDUSTRIES, INC	","Federal Prison Industries	"
"FEDERAL RESOURCES SUPPLY COMPANY	","Federal Resources Supply Company	"
"FEDRESULTS, INC.	","FedResults	"
"FEDSTORE CORPORATION	",FedStore
"FEENEY WIRELESS, LLC	","Feeney Wireless	"
"FERBAK, INC.	","Ferbak	"
"FILEONQ, INC.	",FileOnQ
"FIRE SAFETY SYSTEMS INC.	","Fire Safety Systems	"
"FIRELAKE CONSTRUCTION, INC.	","Firelake Construction	"
"FISHER SCIENTIFIC COMPANY L.L.C.	","Fisher Scientific Company	"
"FISKARS BRANDS, INC.	","Fiskars Brands	"
"FITZGERALD, BEN REAL ESTATE SE	",Ben Fitzgerald Real Estate
"FLEET MANAGEMENT SOLUTIONS, INC.	","Fleet Management Solutions	"
"FLYTECOMM, INC.	","Flytecomm	"
"FN AMERICA, LLC	","FN America	"
"FOCUS CAMERA LLC	","Focus Camera	"
"FOLSOM SHOOTING CLUB INC	","Folsom Shooting Club	"
"FORBES, INC., C.	","Forbes, C.	"
"FORFEITURE SUPPORT ASSOCIATES, LLC	","Forfeiture Support Associates	"
"FOSTER & FREEMAN USA INC.	","Foster & Freeman USA	"
"FOSTER & LEVESQUE LLC	","Foster & Levesque	"
"FOSTER PRODUCTS, INC.	","Foster Products	"
"FOUR POINTS TECHNOLOGY, L.L.C.	","Four Points Technology,	"
"FOX RIVER GRAPHICS	","Fox River Graphics	"
"FPMI SOLUTIONS INCORPORATED	","FPMI Solutions	"
"FRANKLIN COVEY CLIENT SALES INC	","Franklin Covey Client Sales	"
"FRANKLIN YOUNG INTERNATIONAL, INCORPORATED	","Franklin Young Internationa	"
"FREEMAN EXPOSITIONS, INC.	","Freeman Expositions	"
"FRONTEO GOVERNMENT SERVICES, INC.	","Fronteo Government Services	"
"FS PARTNERS LLP	","FS Partners	"
"FUTURE FIBRE TECHNOLOGIES (US) INC.	","Future Fibre Technologies	"
"G T DISTRIBUTORS, INC.	","G T Distributors	"
"G4S SECURE SOLUTIONS (USA) INC	","G4S Secure Solutions (USA)	"
"GALLS, INC	","Galls	"
"GARRET P DEMOTT	","Garret P Demott	"
"GARRETT ELECTRONICS, INC.	","Garrett Electronics	"
"GAYLORD BROS., INC.	","Gaylord Bros.,	"
"GC ALLIANCE, LLC	","GC Alliance	"
"GEMINI INDUSTRIES INC.	","Gemini Industries	"
"GENERAL DYNAMICS MISSION SYSTEMS, INC	","General Dynamics Mission Systems	"
"GENERAL DYNAMICS ORDNANCE AND TACTICAL SYSTEMS - SIMUNITION OPERATIONS, INC.	","General Dynamics Ordnance and Tactical Systems - Simunition Operations	"
"GENESIS RESOURCE INC	","Genesis Resource	"
"GEO CARE LLC	","Geo Care	"
"GEO GROUP INC., THE	","The Geo Group	"
"GEO GROUP, INC., THE	",The Geo Group
"GEO MED LIMITED LIABILITY COMPANY	","Geo Med 	"
"GIANT OAK, INC.	","Giant Oak	"
"GLOBAL DATA CENTER INC	","Global Data Center	"
"GLOBAL INFINITY ENTERPRISE LIMITED LIABILITY COMPANY	","Global Infinity Enterprise 	"
"GLOBAL PRECISION SYSTEMS, LLC	","Global Precision Systems	"
"GLOBAL REACH PETROLEUM, LLC	","Global Reach Petroleum	"
"GLOBAL RESOURCE SOLUTIONS, INC.	","Global Resource Solutions	"
"GLOBAL SYSTEMS OF AMERICA CORPORATION	",Global Systems of America
"GLOBAL TECH INC.	","Global Tech	"
"GLOBAL TRAVELER LLC	","Global Traveler	"
"GLOCK, INC.	","Glock	"
"GO & ZALEZ INC.	","Go & Zalez	"
"GO TO GROUP, INC, THE	","The Go To Group	"
"GOALTEX CORP	","Goaltex 	"
"GOLDEN KEY GROUP, LLC	","Golden Key Group	"
"GOOD SOURCE SOLUTIONS, INC.	","Good Source Solutions	"
"GOODCO MECHANICAL INC	","Goodco Mechanical	"
"GOVERNMENT ACQUISITIONS INCORPORATED	","Government Acquisitions	"
"GOVERNMENT ACQUISITIONS, INC.	","Government Acquisitions	"
"GOVERNMENT CONTRACT SOLUTIONS INC	","Government Contract Solutions	"
"GOVERNMENT MARKETING AND PROCU	","Government Marketing and Procurement	"
"GOVERNMENT SCIENTIFIC SOURCE INCORPORATED	","Government Scientific Source	"
"GOVERNMENT TRAINING INSTITUTE, INC.	","Government Training Institute	"
"GOVPLACE	","Govplace	"
"GOVSMART, INC.	","Govsmart	"
"GPS INTELLIGENCE LLC	","GPS Intelligence	"
"GRADUATE SCHOOL	","Graduate School	"
"GRANT THORNTON LLP	",Grant Thornton
"GREEN 320, LLC	","Green 320	"
"GREEN IT SYSTEMS GROUP	","Green IT Systems Group	"
"GREENZONE SOLUTIONS, INC.	","Greenzone Solutions	"
"GRIFFEYE INC.	","Griffeye	"
"GTSI CORP.	",GTSI
"GTSI CORPORATION	",GTSI
"GUIDANCE SOFTWARE, INC.	","Guidance Software	"
"GULF BREEZE PROPERTIES, II L.L.C.	",Gulf Breeze Properties
"H SQUARED, INC.	","H Squared	"
"H. L., DALIS, INC.	","H. L. Dalis	"
"HALE OUTDOOR PRODUCTS, LLC	","Hale Outdoor Products	"
"HALO GROUP, INC.	","Halo Group	"
"HAMILTON ENTERPRISES, LLC	","Hamilton Enterprises	"
"HANAPS ENTERPRISES	","Hanaps Enterprises	"
"HARDIGG INDUSTRIES, INC.	","Hardigg Industries	"
"HARDWARE, INC	","Hardware	"
"HARIOM INC.	","Hariom	"
"HARRIS CORPORATION	",Harris
"HARRIS IT SERVICES CORPORATION	",Harris IT Services
"HARTFORD PARKING AUTHORITY	","Hartford Parking Authority	"
"HAWAIIAN TELCOM SERVICES COMPANY, INC	","Hawaiian Telcom Services Company	"
"HAWORTH, INC	","Haworth	"
"HAWORTH, INC.	","Haworth	"
"HAYNES SECURITY CORP	","Haynes Security 	"
"HDR ENVIRONMENTAL, OPERATIONS AND CONSTRUCTION, INC.	","HDR Environmental, Operations and Construction	"
"HEARTSAFE AMERICA, INC	","Heartsafe America	"
"HECKLER & KOCH DEFENSE INC.	","Heckler & Koch Defense	"
"HELGEN INDUSTRIES, INC.	","Helgen Industries	"
"HELIX GROUP LLC	","Helix Group	"
"HERGO, ERGONOMIC SUPPORT SYSTEMS, INC.	","Hergo, Ergonomic Support Systems	"
"HERMAN MILLER, INC.	","Herman Miller	"
"HEURESIS CORP	","Heuresis 	"
"HIBLER, NEIL S PHD ABBP	","Neil S Hibler, PhD ABBP	"
"HIGHLANDS RANCH LAW ENFORCEMENT TRAINING FOUNDATION, THE	","The Highlands Ranch Law Enforcement Training Foundation	"
"HILL & MAC GUNWORKS LLC	","Hill & Mac Gunworks	"
"HILLSBOROUGH, COUNTY OF	","County of Hillsborough	"
"HOWELL, NATHANIEL	",Nathaniel Howell
"HP ENTERPRISE SERVICES, LLC	","HP Enterprise Services	"
"HR ANEW, INC.	","HR Anew	"
"HRWORX, LLC	","Hrworx	"
"HUBSTREAM, INC	","Hubstream	"
"HUDSON RIVER PARK TRUST	","Hudson River Park Trust	"
"HULLIHENS LAWN CARE INC	","Hullihens Lawn Care	"
"HUMAN RESOURCES INSTITUTE INCORPORATED	","Human Resources Institute	"
"HUNTER SYSTEMS GROUP, INC.	","Hunter Systems Group	"
"HURON VALLEY GUNS	","Huron Valley Guns	"
"HURST, CITY OF	","City of Hurst	"
"HYATT CORPORATION	",Hyatt
"IBEAGHA, ANTHONY	",Anthony Ibeagha
"ICS JAIL SUPPLIES, INC.	","ICS Jail Supplies	"
"IMAGANN CLEANING SERVICE, INC.	","Imagann Cleaning Service	"
"IMMEDIATE SYSTEM RESOURCES, INC	","Immediate System Resources	"
"IMMIXTECHNOLOGY, INC.	","Immixtechnology	"
"IMPERIAL VALLEY RIFLE & PISTOL ASSOCIATION	","Imperial Valley Rifle & Pistol Association	"
"IMPERIAL, COUNTY (INC)	","Imperial, County	"
"IMPRES TECHNOLOGY SOLUTIONS, INC.	","Impres Technology Solutions	"
"IMSOLUTIONS LLC	","Imsolutions	"
"INCIDENT COMMUNICATION SOLUTIONS, LLC	","Incident Communication Solutions	"
"INDEPENDENT HARDWARE, INC.	","Independent Hardware	"
"INDEV	","Indev	"
"INDUSTRIAL VIDEO & CONTROL CO., LLC	","Industrial Video & Control Co.	"
"INDUSTRIES OF THE BLIND, INCORPORATED	","Industries of The Blindorporated	"
"INFOCUS HEALTH, LLC	","Infocus Health	"
"INFORELIANCE CORPORATION	",Inforeliance
"INGENESIS INC.	","Ingenesis	"
"INGENESIS INCORPORATED	","Ingenesis	"
"INSERSO CORPORATION	",Inserso
"INSIGHT TECHNOLOGY SOLUTIONS INC.	","Insight Technology Solutions	"
"INSTALLATION MORALE WELFARE RECREATION FUND	","Installation Morale Welfare Recreation Fund	"
"INSYTE LLC	","Insyte	"
"INTEGRAL CONSULTING SERVICES INCORPORATED	","Integral Consulting Services	"
"INTEGRATED EXHIBITS INC	","Integrated Exhibits	"
"INTEGRATED FINANCE AND ACCOUNTING SOLUTIONS, LLC	","Integrated Finance and Accounting Solutions	"
"INTEGRATED PARCEL NETWORK	","Integrated Parcel Network	"
"INTEGRATION TECHNOLOGIES GROUP, INC.	","Integration Technologies Group	"
"INTERACTIVE COMMUNICATIONS SOLUTIONS GROUP, INC.	","Interactive Communications Solutions Group	"
"INTERCEPTOR PUBLIC SAFETY PRODUCTS, INC.	","Interceptor Public Safety Products	"
"INTERCONNECT COMMUNICATION SPECIALISTS	","Interconnect Communication Specialists	"
"INTERIOR FACILITIES DESIGN LIMITED LIABILITY COMPANY	","Interior Facilities Design 	"
"INTERNATIONAL ASSOCIATION OF CHIEFS OF POLICE	","International Association of Chiefs of Police	"
"INTERNATIONAL BUSINESS MACHINE	","International Business Machine	"
"INTERNATIONAL BUSINESS MACHINES CORPORATION	",International Business Machines
"INTERNATIONAL CARTRIDGE CORPORATION	",International Cartridge
"INTERNATIONAL SATELLITE SERVICES, INC.	","International Satellite Services	"
"INTERNATIONAL TELEVISION CORP	","International Television 	"
"INTERPARK LLC	","Interpark	"
"IPI GRAMMTECH LTD	",IPI Grammtech
"IROBOT CORPORATION	",iRobot
"ISLIP, TOWN OF	","Town of Islip	"
"ISS ACTION, INC.	","ISS Action	"
"ISYS, LLC	","ISYS	"
"ITIN SCALE COMPANY INCORPORATED	","ITIN Scale Company	"
"J & S POWER SOLUTIONS INC	","J & S Power Solutions	"
"J OLIVA TRUCKING	","J Oliva Trucking	"
"J P INDUSTRIES INC	","JP Industries	"
"J S J RODRIGUEZ, INC.	","J.S.J. Rodriguez	"
"J. DIAMOND GROUP, INC., THE	","The J. Diamond Group,	"
"JACK KNELLY'S OFFICE FURNITURE SPECIALTIES, INC.	","Jack Knelly's office Furniture Specialties	"
"JACQUES CATERING OF NY INC	","Jacques Catering of NY	"
"JANZ CORPORATION, THE	",The Janz
"JASPER SAWYER COMPANY L.L.C	",Jasper Sawyer Company
"JAVA PRODUCTIONS, INC.	","Java Productions	"
"JCT, INC.	",JCT
"JDG ASSOCIATES, INC.	","JDG Associates	"
"JDL DIGITAL SYSTEMS INC	","JDL Digital Systems	"
"JENKINS SECURITY CONSULTANTS INCORPORATED	","Jenkins Security Consultants	"
"JESUIT REFUGEE SERVICE USA	","Jesuit Refugee Service USA	"
"JETICO INC. OY	",Jetico
"JOHN WILEY & SONS, INC.	","John Wiley & Sons	"
"JOHN WILEY AND SONS INCORPORATED	","John Wiley & Sons	"
"JOHNS HOPKINS UNIVERSITY, THE	","The Johns Hopkins University	"
"JOHNSON CONTROLS SECURITY SOLUTIONS LLC	","Johnson Controls Security Solutions	"
"JOHNSON CONTROLS, INC.	","Johnson Controls	"
"JOLIVA TRUCKING LLC	","Joliva Trucking	"
"JSI TELECOM INC.	","JSI Telecom	"
"JTF BUSINESS SYSTEMS CORPORATION	",JTF Business Systems
"JTF BUSINESS SYSTEMS INC	","JTF Business Systems	"
"JUSTICE PACKAGING CORPORATION	",Justice Packaging
"JUSTICETRAX INC.	","Justicetrax	"
"JWM WHOLESALE, INC.	","JWM Wholesale	"
"KADIX SYSTEMS LIMITED LIABILITY COMPANY	","Kadix Systems 	"
"KADIX SYSTEMS, LLC	","Kadix Systems	"
"KALOS, INC.	","Kalos	"
"KAPSUUN GROUP, LLC	","Kapsuun Group	"
"KARDA SYSTEMS LLC	","Karda Systems	"
"KCORP SUPPORT SERVICES, INC.	","KCorp Support Services	"
"KCORP TECHNOLOGY SERVICES, INC.	","KCorp Technology Services	"
"KDH DEFENSE SYSTEMS INC	","KDH Defense Systems	"
"KEARNEY & COMPANY, P.C.	","Kearney & Company	"
"KEL-TECH PLASTICS, INC.	","Kel-Tech Plastics	"
"KELL SYSTEMS INC.	","Kell Systems	"
"KERN, COUNTY OF	","County of Kern	"
"KEYSIGHT TECHNOLOGIES, INC.	","Keysight Technologies	"
"KEYW CORPORATION, THE	",The KeyW
"KLEMES FAMILY HOLDINGS, INC.	","Klemes Family Holdings	"
"KNIGHT POINT SYSTEMS, LLC	","Knight Point Systems	"
"KNIGHT'S ARMAMENT COMPANY	","Knight's Armament Company	"
"KNOWLEDGEBANK, INC.	","Knowledgebank	"
"KOI COMPUTERS, INC.	","Koi Computers	"
"KONICA MINOLTA BUSINESS SOLUTIONS U.S.A., INC.	","Konica Minolta Business Solutions USA	"
"KONICA MINOLTA BUSINESS SOLUTIONS USA INCORPORATED	","Konica Minolta Business Solutions USA	"
"KP ELECTRONICS LLC	","KP Electronics	"
"KPAUL PROPERTIES, LLC	","KPaul Properties	"
"KROLL GOVERNMENT SERVICES	","Kroll Government Services	"
"KRP DATA SYSTEMS	","KRP Data Systems	"
"KUSAR COURT REPORTERS & LEGAL SERVICES,INC.	","Kusar Court Reporters & Legal Services,Inc.	"
"KWIZCOM CORPORATION	",Kwizcom
"KYOCERA DOCUMENT SOLUTIONS AMERICA, INC.	","Kyocera Document Solutions America	"
"KYOCERA MITA AMERICA INC	","Kyocera Mita America	"
"L AND R MANUFACTURING COMPANY	","L and R Manufacturing Company	"
"L-3 COMMUNICATIONS CORPORATION	",L-3 Communications
"L3 TECHNOLOGIES, INC.	","L3 Technologies	"
"LABORATORY CORPORATION OF AMERICA	","Laboratory Corporation of America	"
"LAFAYETTE INSTRUMENT COMPANY INC	","Lafayette Instrument Company	"
"LANDOLL CORPORATION	",Landoll
"LANGUAGE LINE LLC	","Language Line	"
"LANGUAGE TRAINING CENTER, INC.	","Language Training Center	"
"LATAH, COUNTY OF	","County of Latah	"
"LAYTON LANDSCAPING	","Layton Landscaping	"
"LC INDUSTRIES, INC.	","LC Industries	"
"LEGAL INTERPRETING SERVICES INCORPORATED	","Legal Interpreting Services	"
"LEGAL INTERPRETING SERVICES, INC.	","Legal Interpreting Services	"
"LEIDOS, INC.	","Leidos	"
"LEUPOLD & STEVENS, INC.	","Leupold & Stevens	"
"LEVEL 3 COMMUNICATIONS LIMITED LIABILITY COMPANY	","Level 3 Communications 	"
"LEXMARK INTERNATIONAL INC	","Lexmark International	"
"LIFE FITNESS, INC.	","Life Fitness	"
"LIGHTED SIGNS DIRECT, INC	","Lighted Signs Direct	"
"LIGHTHOUSE FOR THE BLIND IN NEW ORLEANS, INCORPORATED, THE	","The Lighthouse For The Blind in New Orleansorporated	"
"LINCOLN MOVING & STORAGE OF BUFFALO, INC.	","Lincoln Moving & Storage of Buffalo	"
"LINDHOLM AND ASSOCIATES INCORPORATED	","Lindholm and Associates	"
"LINKEDIN CORPORATION	",Linkedin
"LIOCE GROUP INC., THE	","The Lioce Group	"
"LIONBRIDGE GLOBAL SOLUTIONS II, INC.	","Lionbridge Global Solutions Ii	"
"LIVEU INC.	",LiveU
"LOGICUBE CORPORATION	",Logicube
"LOGISTICS APPLICATIONS INC.	","Logistics Applications	"
"LONG BEACH, CITY OF	","City of Long Beach	"
"LOYAL SOURCE GOVERNMENT SERVICES LLC	","Loyal Source Government Services	"
"LRP PUBLICATIONS, INC.	","LRP Publications	"
"LT BUSINESS SOLUTIONS, LLC	","LT Business Solutions	"
"LUELLA NELSON	","Luella Nelson	"
"LUND INDUSTRIES, INC.	","Lund Industries	"
"LURK ENTERPRISE SOLUTIONS	","Lurk Enterprise Solutions	"
"LUXFER MAGTECH, INC.	","Luxfer Magtech	"
"LYME COMPUTER SYSTEMS, INC.	","Lyme Computer Systems	"
"M A FEDERAL INCORPORATED (2233)	",M A Federal
"M V M, INC.	","M V M	"
"M-PAK, INC.	","M-Pak	"
"M. L. BENJAMIN ENTERPRISES INC.	","M. L. Benjamin Enterprises	"
"M.A.N.S. DISTRIBUTORS, INC.	","M.A.N.S. Distributors	"
"MA FEDERAL, INC.	","MA Federal	"
"MACQUEEN, MICHAEL C	",Michael C Macqueen
"MACRO COMPANIES, INC.	","Macro Companies	"
"MAGNET FORENSICS USA, INC.	","Magnet Forensics USA	"
"MANAGED CARE ADVISORS, INC.	","Managed Care Advisors	"
"MANAGEMENT & TRAINING CORPORATION	",Management & Training
"MANAGEMENT CONCEPTS INCORPORATED	","Management Concepts	"
"MANAGEMENT CONCEPTS, INC.	","Management Concepts	"
"MANTECH M S M SECURITY SERVICE	","Mantech M S M Security Service	"
"MARCON INTERNATIONAL, INC.	","Marcon International	"
"MARDEN ELECTRIC L.L.C.	","Marden Electric	"
"MARENTCO, INC.	","Marentco	"
"MARINUS ANALYTICS LLC	","Marinus Analytics	"
"MARQUARDT, JENNIFER	",Jennifer Marquardt
"MARQUIS CONSULTING SERVICES, INC.	","Marquis Consulting Services	"
"MARRIOTT INTERNATIONAL, INC.	","Marriott International	"
"MARYLAND ECONOMIC DEVELOPMENT CORPORATION	",Maryland Economic Development
"MATT BURNS LTD	",Matt Burns Ltd
"MAVAGI ENTERPRISES INC	","Mavagi Enterprises	"
"MAVAGI ENTERPRISES INCORPORATED	","Mavagi Enterprises	"
"MAXIM HEALTHCARE SERVICES, INC.	","Maxim Healthcare Services	"
"MAYA INTERPRETERS	","Maya Interpreters	"
"MCCALL HANDLING CO.	","McCall Handling Co.	"
"MCKINSEY & COMPANY, INC. WASHINGTON D.C.	","McKinsey & Company Washington D.C.	"
"MCMANIS ASSOCIATES INC	","McManis Associates	"
"MCMANIS ASSOCIATES INC.	","McManis Associates	"
"MCP COMPUTER PRODUCTS INC.	","MCP Computer Products	"
"MEDALCRAFT MINT INC., THE	","The Medalcraft Mint	"
"MEDALCRAFT MINT, INC, THE	","The Medalcraft Mint	"
"MEDICAL TECHNOLOGY ASSOCIATES INC	","Medical Technology Associates	"
"MERISTAR PENTAGON CITY, LLC	","Meristar Pentagon City	"
"MERRIMAC PETROLEUM, INC.	","Merrimac Petroleum	"
"MESA, CITY OF	","City of Mesa	"
"METRO OFFICE PRODUCTS, LLC	","Metro office Products	"
"METRO OFFICE SOLUTIONS, INC.	","Metro office Solutions	"
"METROPOLITAN INTERPRETERS & TRANSLATORS, INC.	","Metropolitan Interpreters & Translators	"
"METROTEC, INC.	","Metrotec	"
"MICROSOFT CORPORATION SITZ IN REDMOND CORPORATION	",Microsoft Corporation Sitz in Redmond
"MIDDLE GEORGIA DIVERSIFIED INDUSTRIES INC	","Middle Georgia Diversified Industries	"
"MIDWEST RESCUE PRODUCTS, INC.	","Midwest Rescue Products	"
"MIDWEST SECURITY SERVICES, INC	","Midwest Security Services	"
"MIGRANT CLINICIANS NETWORK INC	","Migrant Clinicians Network	"
"MIL-COMM GROUP INTERNATIONAL, LLC	","Mil-Comm Group International	"
"MILLENNIUM HEALTH & FITNESS INC.	","Millennium Health & Fitness	"
"MIRACLE SYSTEMS LLC	","Miracle Systems	"
"ML CLICK MARKETING LLC	","ML Click Marketing	"
"MLINQS LIMITED LIABILITY COMPANY	","MLinqs 	"
"MODEL CONCEPT COMMUNICATIONS, LLC	","Model Concept Communications	"
"MODULAR CONCEPTS, INC.	","Modular Concepts	"
"MONTGOMERY MARKETING INC	","Montgomery Marketing	"
"MONTROSE AIR QUALITY SERVICES, LLC	","Montrose Air Quality Services	"
"MOSAIK SOLUTIONS, LLC	","Mosaik Solutions	"
"MOTIONDSP, INC.	",MotionDSP
"MOTOR VEHICLES, NEW YORK STATE DEPARTMENT OF	","New York State Department of Motor Vehicles	"
"MOTOROLA INCORPORATED	","Motorola	"
"MOTOROLA SOLUTIONS, INC.	","Motorola Solutions	"
"MOUNTAIN RF SENSORS, INC	","Mountain RF Sensors	"
"MSAB INCORPORATED	",MSAB
"MUSSELSHELL, COUNTY OF	","County of Musselshell	"
"MVM INCORPORATED	","MVM	"
"MY TONER USA INC.	","My Toner USA	"
"MYSTAIRE INC.	","Mystaire	"
"MYTHICS, INC	","Mythics	"
"N CALIFORNIA REGIONAL PUBLIC SAFETY TRAINING AUTHORITY	","N California Regional Public Safety Training Authority	"
"N2GRATE GOVERNMENT TECHNOLOGY SOLUTIONS, LLC	","N2Grate Government Technology Solutions	"
"NAKAMOTO GROUP, INC., THE	",The Nakamoto Group
"NAL RESEARCH CORP.	","NAL Research	"
"NATIONAL BUSINESS FURNITURE, LLC	","National Business Furniture	"
"NATIONAL COMMISSION ON CORRECTIONAL HEALTH CARE	","National Commission On Correctional Health Care	"
"NATIONAL CYBER-FORENSICS AND TRAINING ALLIANCE LIMITED.	",National Cyber-Forensics and Training Alliance
"NATIONAL HOSPITALITY MANAGEMENT	","National Hospitality Management	"
"NATIONAL INDUSTRIES FOR THE BLIND	","National Industries For The Blind	"
"NATIONAL LAW ENFORCEMENT TELECOMMUNICATIONS SYSTEMS INC	","National Law Enforcement Telecommunications Systems	"
"NATIONAL SEPTEMBER 11 MEMORIAL AND MUSEUM AT THE WORLD TRADE CENTER FOUNDATION, INC.	","National September 11 Memorial and Museum at The World Trade Center Foundation	"
"NATIONAL SHERIFFS' ASSOCIATION	","National Sheriffs' Association	"
"NATIVE ENERGY & TECHNOLOGY, INC.	","Native Energy & Technology	"
"NC4 PUBLIC SECTOR LIMITED LIABILITY COMPANY	","NC4 Public Sector 	"
"NEAL R GROSS AND COMPANY INC	","Neal R Gross and Company	"
"NELSON ENTERPRISE TECHNOLOGY SERVICES LLC	","Nelson Enterprise Technology Services	"
"NEO TECHNOLOGIES, INC.	","Neo Technologies	"
"NEOSTEK, INC	",NEOSTEK
"NET DIRECT SYSTEMS, LLC	","Net Direct Systems	"
"NETCOM LEARNING INC.-NY	","Netcom Learning-NY	"
"NEW DIMENSION AWARDS INC	","New Dimension Awards	"
"NEW LIFE CHINESE LAUNDRY INC	","New Life Chinese Laundry	"
"NEW TECH CENTRAL LLC	","New Tech Central	"
"NEW TECH SOLUTIONS INC	","New Tech Solutions	"
"NEW YORK, CITY OF	","City of New York	"
"NOBLE SALES CO INC	","Noble Sales	"
"NORD ATLANTIC TRADING INC	","Nord Atlantic Trading	"
"NORFOLK SAFE COMPANY	","Norfolk Safe Company	"
"NORTH CENTRAL SIGHT SERVICES, INC.	","North Central Sight Services	"
"NORTHEASTERN UNIVERSITY	","Northeastern University	"
"NORTHROP GRUMMAN SYSTEMS CORPORATION	",Northrop Grumman Systems
"NOSLER, INC.	","Nosler	"
"NOVA SOLUTIONS, INC.	","Nova Solutions	"
"NPEE L.C	","NPEE L.C	"
"NTERONE CORPORATION	",Nterone
"NYP CORP	","NYP 	"
"OBSIDIAN INTEGRATION LLC	","Obsidian Integration	"
"OFFICE DEPOT, INC.	","office Depot	"
"OLIN CORPORATION	",Olin
"OMNIFICS, INC.	","Omnifics	"
"OMNIPLEX WORLD SERVICES CORP	","Omniplex World Services 	"
"ONE STOP ENVIRONMENTAL, LLC	","One Stop Environmental	"
"ONLINE CONSULTING, INC.	","Online Consulting	"
"OPSEC SECURITY, INC.	","Opsec Security	"
"OPTECH, LLC	","Optech	"
"OPTIM INC	","Optim	"
"OPTIMO INFORMATION TECHNOLOGY LLC	","Optimo Information Technology	"
"OPTIVOR TECHNOLOGIES, L.L.C.	","Optivor Technologies,	"
"ORLANDO, CITY OF	","City of Orlando	"
"OSIRUS, INC.	","Osirus	"
"OUT & EQUAL WORKPLACE ADVOCATES	","Out & Equal Workplace Advocates	"
"OUTLOOK-NEBRASKA, INC.	","Outlook-Nebraska	"
"OWYHEE CAPITAL CORP	","Owyhee Capital 	"
"PACER SERVICE CENTER	","Pacer Service Center	"
"PACIFIC DATACOM SYSTEMS INC.	","Pacific Datacom Systems	"
"PACIFIC LIGHTING MANAGEMENT, INC	","Pacific Lighting Management	"
"PACIFIC LINK INTERNATIONAL CORPORATION	",Pacific Link International
"PACIFIC LINK INTERNATIONAL, CORP.	","Pacific Link International	"
"PACKET FORENSICS, LLC	","Packet Forensics	"
"PALANTIR TECHNOLOGIES INC.	","Palantir Technologies	"
"PALANTIR TECHNOLOGIES INCORPORATED	","Palantir Technologies	"
"PALANTIR USG, INC.	","Palantir USG	"
"PALMER, PAUL	",Paul Palmer
"PANAMERICA COMPUTERS, INC.	","Panamerica Computers	"
"PARKER TIDE CORP.	","Parker Tide	"
"PAT V. MACK, INC.	","Pat V. Mack	"
"PATRIOT COMM	","Patriot Comm	"
"PATRIOT SOLUTIONS, INC	","Patriot Solutions	"
"PCS ENTERPRISES, INC.	","PCS Enterprises	"
"PEN-LINK, LTD.	",Pen-Link
"PENN TOOL CO INC	","Penn Tool	"
"PEOPLE'S ACCIDENT INFORMATION SERVICE, INC.	","People's Accident Information Service	"
"PERATON INC.	","Peraton	"
"PERSONNEL DECISIONS RESEARCH INSTITUTES, INC	","Personnel Decisions Research Institutes	"
"PG PUBLIC SERVICES, LLC	","PG Public Services	"
"PHACIL, INC.	","Phacil	"
"PHILADELPHIA, CITY OF	","City of Philadelphia	"
"PHOENIX SUPPLY, LLC	","Phoenix Supply	"
"PHOENIX TEXTILE CORPORATION	",Phoenix Textile
"PHOENIX TRADING INC.	","Phoenix Trading	"
"PHONOSCOPE, INC.	","Phonoscope	"
"PIERCE MANUFACTURING, INC.	","Pierce Manufacturing	"
"PINAL, COUNTY OF	","County of Pinal	"
"PMA-13, INC.	","PMA-13	"
"PN AUTOMATION, INC.	","PN Automation	"
"POINT BLANK ENTERPRISES, INC.	","Point Blank Enterprises	"
"PORTALS HOTEL SITE LLC	","Portals Hotel Site	"
"PORTION-PAC CHEMICAL CORPORATI	",Portion-Pac Chemical Corporation
"POTOMAC FORUM LTD	",Potomac Forum
"POTOMACWAVE CONSULTING, INC.	","Potomacwave Consulting	"
"PRADO FAMILY SHOOTING RANGE	","Prado Family Shooting Range	"
"PREMIER & COMPANIES INC.	","Premier & Companies	"
"PREMIER & COMPANIES, INC.	","Premier & Companies	"
"PREMIER AND COMPANIES INCORPORATED	","Premier and Companies	"
"PREMIUM PARKING SERVICE LLC	","Premium Parking Service	"
"PREMIUM STATIONERS, INC.	","Premium Stationers	"
"PRESENTA PLAQUE CORPORATION	",Presenta Plaque
"PRESIDENTIAL AVIATION, INC.	","Presidential Aviation	"
"PRICE MODERN LLC	","Price Modern	"
"PRICEWATERHOUSECOOPERS PUBLIC SECTOR LLP	",Pricewaterhousecoopers Public Sector
"PRINTREE LLC	","Printree	"
"PRIORITY COURIER	","Priority Courier	"
"PRIZUM INC	","Prizum	"
"PROCENTRIX INCORPORATED	","Procentrix	"
"PROCENTRIX, INC.	","Procentrix	"
"PRODUCTION AUTOMATION CORPORATION	",Production Automation
"PROFESSIONALS, (THE), LLC	","The Professionals	"
"PROGEND INC	","Progend	"
"PROGRESSIVE ENVIRONMENTAL SERVICES, INC.	","Progressive Environmental Services	"
"PROJECT PERFORMANCE COMPANY LLC	","Project Performance Company	"
"PROMAXIMA MANUFACTURING, LTD	","Promaxima Manufacturing	"
"PROTECTIVE PRODUCTS ENTERPRISES, INC	","Protective Products Enterprises	"
"PROVENGO, LLC	","Provengo	"
"PROXDOSE RADIATION SENSORS, LLC	","Proxdose Radiation Sensors	"
"PRUDENTIAL OVERALL SUPPLY	","Prudential Overall Supply	"
"PUBLIC SAFETY & CORRECTIONAL SERVICES, MARYLAND DEPT OF	","Maryland Dept of Public Safety & Correctional Services	"
"PURPLE COMMUNICATIONS, INC.	","Purple Communications	"
"PYRAMID SYSTEMS, INC.	","Pyramid Systems	"
"QBASE-MCNEIL INTEGRATED SOLUTIONS	","QBase-Mcneil Integrated Solutions	"
"QUALIFICATION TARGETS INC	","Qualification Targets	"
"QUALITY COAST INCORPORATED	","Quality Coast	"
"R A MECHANICAL & SONS, INC.	","R A Mechanical & Sons	"
"R H G GROUP INCORPORATED	","R H G Group	"
"RADVANY, PAUL	","Paul Radvany	"
"RANGE 54, LLC	","Range 54	"
"RECALL TECHNOLOGIES, INC.	","Recall Technologies	"
"RECONROBOTICS, INC.	","Reconrobotics	"
"RECOVERY POINT SYSTEMS, INC.	","Recovery Point Systems	"
"RED CARROT INC	","Red Carrot	"
"RED RIVER COMPUTER CO., INC.	","Red River Computer Co.,	"
"REED ELSEVIER, INC.	","Reed Elsevier	"
"RELX INC.	",RELX
"REMINGTON ARMS COMPANY, INC.	","Remington Arms Company	"
"REMINGTON ARMS COMPANY, LLC	","Remington Arms Company	"
"RENEW RESOURCES, INC.	","Renew Resources	"
"REPUBLIC PROPERTIES CORP	","Republic Properties 	"
"RESEARCH ELECTRONICS INTERNATIONAL, L.L.C.	","Research Electronics International,	"
"RESPONSE MARKETING, INC.	","Response Marketing	"
"RESURGENS RISK MANAGEMENT, INC.	","Resurgens Risk Management	"
"RICOH USA, INC.	","Ricoh USA	"
"RIGAKU ANALYTICAL DEVICES, INC.	","Rigaku Analytical Devices	"
"RIMAGE CORPORATION	",Rimage
"RISKLENS, INC.	","Risklens	"
"RITA'S TAPE MEDIA LLC	","Rita's Tape Media	"
"RITE-KEM, INC.	","Rite-Kem	"
"RIVER CITY RANGE, LLC	","River City Range	"
"RMA ARMAMENT, INC	","RMA Armament	"
"ROSAMILIA BUILDERS	","Rosamilia Builders	"
"RSTUDIO, INC.	","RStudio	"
"RUAG AMMOTEC USA, INC.	","Ruag Ammotec USA	"
"RUDMAN WINK ASSOCIATES, LLC	","Rudman Wink Associates	"
"S J BASHEN INC	","S J Bashen	"
"SACRAMENTO, COUNTY OF	","County of Sacramento	"
"SAF ENG ASSOCIATES, INC	","Saf Eng Associates	"
"SAFARI BOOKS ONLINE, LLC	","Safari Books Online	"
"SAFARILAND, LLC	","Safariland	"
"SAFE RESTRAINTS, INC.	","Safe Restraints	"
"SAFER SOCIETY GROUP SWEDEN AB	","Safer Society Group Sweden AB	"
"SAI SYSTEMS INTERNATIONAL INCORPORATED	","SAI Systems International	"
"SAMPSON PARTNERS LLC	","Sampson Partners	"
"SAN DIEGO ASSOCIATION OF GOVERNMENTS	","San Diego Association of Governments	"
"SAN DIEGO POWER, LLC	","San Diego Power	"
"SAN DIEGO, COUNTY OF	","County of San Diego	"
"SANDOVAL CUSTOM CREATIONS, INC.	","Sandoval Custom Creations	"
"SANTA CLARA, COUNTY OF	","County of Santa Clara	"
"SATCOM DIRECT COMMUNICATIONS, INC.	","Satcom Direct Communications	"
"SAUL MINEROFF ELECTRONICS INC.	","Saul Mineroff Electronics	"
"SAVANTAGE FINANCIAL SERVICES,	","Savantage Financial Services,	"
"SAYRES AND ASSOCIATES CORPORATION	",Sayres and Associates
"SCALETTA MOLONEY ARMORING CORP	","Scaletta Moloney Armoring 	"
"SCI, INC.	",SCI
"SCIENCE APPLICATIONS INTERNATIONAL CORPORATION	",Science Applications International
"SCIF SOLUTIONS, INC.	","SCIF Solutions	"
"SEATTLE POLICE ATHLETIC ASSOC	","Seattle Police Athletic Assoc	"
"SECURITY ENGINEERED MCHY COMPANY	","Security Engineered Mchy Company	"
"SECURITY SOLUTIONS GROUP, L.L.C.	",Security Solutions Group
"SECURITYHUNTER, INC.	","Securityhunter	"
"SEIKOSOFT, LLC	","Seikosoft	"
"SELEX ES INC.	","Selex ES	"
"SENDUM WIRELESS CORPORATION	",Sendum Wireless
"SENEVIRATNE, ANUSHA	",Anusha Seneviratne
"SENTEL CORPORATION	",Sentel
"SENTRY AIR SYSTEMS, INC.	","Sentry Air Systems	"
"SERCO SERVICES INC.	","Serco Services	"
"SERVICE WORKS, INC.	","Service Works	"
"SETCAN CORPORATION	",SETCAN
"SEVA TECHNICAL SERVICES, INC.	","Seva Technical Services	"
"SEVATEC INC.	","Sevatec	"
"SHARP ELECTRONICS CORPORATION	",Sharp Electronics
"SHERBURNE, COUNTY OF (INC)	",County of Sherburne
"SHIFFLER EQUIPMENT SALES, INC.	","Shiffler Equipment Sales	"
"SHINE ENTERPRISES, LLC	","Shine Enterprises	"
"SHOE CORPORATION OF BIRMINGHAM, INC.	","Shoe Corporation of Birmingham	"
"SHORE SOLUTIONS, INC.	","Shore Solutions	"
"SHRED-IT USA INC.	","Shred-It USA	"
"SHRED-IT USA LLC	","Shred-It USA	"
"SI INTERNATIONAL INCORPORATED (7278)	",SI International
"SIG SAUER, INC	",SIG SAUER
"SIGNATURE TECHNOLOGY SOLUTIONS, INC.	","Signature Technology Solutions	"
"SILAS FRAZIER REALTY LLC	","Silas Frazier Realty	"
"SILENT GUARD SYSTEMS INC	","Silent Guard Systems	"
"SIMON WIESENTHAL CENTER, INC.	","Simon Wiesenthal Center	"
"SIMPLE TECHNOLOGY SOLUTIONS INC.	","Simple Technology Solutions	"
"SIMPLEXGRINNELL LP	",SimplexGrinnell
"SINGHAL & CO, INC	","Singhal & Co	"
"SIRINA PROTECTION SYSTEMS CORP.	","Sirina Protection Systems	"
"SIRONA DENTAL, INC.	","Sirona Dental	"
"SIS GLOBAL SOLUTIONS, LLC	","SIS Global Solutions	"
"SIX CONTINENTS HOTELS, INC	","Six Continents Hotels	"
"SIXT RENT A CAR, LLC	","Sixt Rent A Car	"
"SMARTYSTREETS LLC	","Smartystreets	"
"SMD CORPORATION	",SMD
"SMITHMYER ELECTRONICS INC	","SmithMyer Electronics	"
"SMITHS DETECTION, INC.	","Smiths Detection	"
"SNAP, INC.	","Snap	"
"SOLUTIONS THROUGH INNOVATIVE TECHNOLOGIES, INC.	","Solutions Through Innovative Technologies	"
"SOLV LLC	","Solv	"
"SONITROL SECURITY SERVICES, INC.	","Sonitrol Security Services	"
"SOURCELINQ LLC	","Sourcelinq	"
"SOUTH METRO PUBLIC SAFETY TRAINING FACILITY	","South Metro Public Safety Training Facility	"
"SOUTHEAST VOCATIONAL ALLIANCE INC.	","Southeast Vocational Alliance	"
"SOUTHERN POLICE EQUIPMENT COMPANY INCORPORATED	","Southern Police Equipment Company	"
"SOUTHSIDE GARAGE AND USED AUTO PARTS LLC	","Southside Garage and Used Auto Parts	"
"SOUTHWEST SOLUTIONS GROUP, INC.	","Southwest Solutions Group	"
"SOUTHWESTERN SECURITY SERVICES, INC.	","Southwestern Security Services	"
"SPACESAVER STORAGE SYSTEMS, INC.	","Spacesaver Storage Systems	"
"SPARTAN CHEMICAL CO, INC	","Spartan Chemical	"
"SPECIALTY CARTRIDGE, INC.	","Specialty Cartridge	"
"SPECIALTY VEHICLE SOLUTIONS LIMITED LIABILITY COMPANY	","Specialty Vehicle Solutions 	"
"SPECTRUM SECURITY SERVICES, IN	","Spectrum Security Services	"
"SPECTRUM SECURITY SERVICES, INC.	","Spectrum Security Services	"
"SPECTRUM SERVICES GROUP, INC	","Spectrum Services Group	"
"SPERRY WEST INC	","Sperry West	"
"SPOT LLC	","Spot	"
"SPRINGFIELD, L.L.C.	","Springfield,	"
"SPRINT COMMUNICATIONS COMPANY L.P.	","Sprint Communications Company L.P.	"
"SPS INDUSTRIAL INC.	","SPS Industrial	"
"SQUARE ONE ARMORING SERVICES CO.	","Square One Armoring Services Co.	"
"ST NET APPTIS FIRSTSOURCE JOINT VENTURE	","St Net Apptis Firstsource Joint Venture	"
"STAMPS.COM INC.	","Stamps.com	"
"STAR POLY BAG INCORPORATED	","Star Poly Bag	"
"STAR POLY BAG, INC.	","Star Poly Bag	"
"STARSIDE SECURITY AND INVESTIGATION INCORPORATED	","Starside Security and Investigation	"
"STAT COURIER INC	","Stat Courier	"
"STATE POLICE, MICHIGAN DEPARTMENT OF	","Michigan Department of State Police	"
"STEP TWO INVESTMENTS LLC	","Step Two Investments	"
"STG INTERNATIONAL, INC.	","STG International	"
"STRATEGIC ENTERPRISE SOLUTIONS, INC.	","Strategic Enterprise Solutions	"
"STRONG GROUP INC	","Strong Group	"
"STRONG GROUP, INC.	","Strong Group	"
"SUCCESS TECH MANAGEMENT AND SERVICES, INC.	","Success Tech Management and Services	"
"SUMURI LLC	","Sumuri	"
"SUNSHINE MAKERS INC	","Sunshine Makers	"
"SUPREME SECURITY SYSTEMS, INC.	","Supreme Security Systems	"
"SUSTEEN INC	","Susteen	"
"SWANK MOTION PICTURES, INC.	","Swank Motion Pictures	"
"SWISH DATA CORPORATION	",Swish Data
"SYSTEC GROUP LLC	","Systec Group	"
"SYSTEMS RESEARCH AND APPLICATI	","Systems Research and Applicati	"
"SYSTEMS RESEARCH AND APPLICATIONS CORPORATION	",Systems Research and Applications
"SYTEL INCORPORATED	","Sytel	"
"T-REX CONSULTING CORPORATION	",T-Rex Consulting
"T.Q.M., INC.	","T.Q.M.,	"
"TAB PRODUCTS CO, LLC	","Tab Products	"
"TACTICAL & SURVIVAL SPECIALTIES, INC.	","Tactical & Survival Specialties	"
"TACTICAL MEDICAL SOLUTIONS, INC.	","Tactical Medical Solutions	"
"TAILORED TRAINING PROGRAMS, L.L.C.	","Tailored Training Programs,	"
"TALTON COMMUNICATIONS, INC.	","Talton Communications	"
"TAYLOR HOLDINGS LLC	","Taylor Holdings	"
"TCS INTERPRETING, INC.	","TCS Interpreting	"
"TECHNICAL COMMUNITIES INCORPORATED	","Technical Communities	"
"TECHNICAL MAINTENANCE AND SERVICES CORP	","Technical Maintenance and Services 	"
"TECHNOLOGY - MANAGEMENT & INNOVATIVE SOLUTIONS, LLC	","Technology - Management & Innovative Solutions	"
"TECHOPS SPECIALTY VEHICLES LLC	","Techops Specialty Vehicles	"
"TECOLOTE RESEARCH, INC.	","Tecolote Research	"
"TELCO SOLUTIONS INC	","Telco Solutions	"
"TELERIK INC.	","Telerik	"
"TENERGY CORPORATION	",Tenergy
"TENICA AND ASSOCIATES LLC	","Tenica and Associates	"
"TERATHINK CORPORATION	",Terathink
"TERMINIX INTERNATIONAL COMPANY	","Terminix International Company	"
"TESSCO INCORPORATED	","Tessco	"
"TESTEQUITY LLC	","Testequity	"
"TEXAS WORKFORCE COMMISSION	","Texas Workforce Commission	"
"TEXTRON INC.	","Textron	"
"THE GEO GROUP INCORPORATED	","The Geo Group	"
"THE MITRE CORPORATION	",The Mitre
"THE OFFICE GROUP INC	","The office Group	"
"THE PALMAS ACADEMY INC	","The Palmas Academy	"
"THOMSON REUTERS SPECIAL SERVICES LLC	","Thomson Reuters Special Services	"
"THUNDERCAT TECHNOLOGY, LLC	","Thundercat Technology	"
"TIDEWATER DISTRIBUTORS, LLC	","Tidewater Distributors	"
"TIFT, RICHARD T	",Richard T Tift
"TIME WARNER CABLE ENTERPRISES LLC	","Time Warner Cable Enterprises	"
"TIME WARNER CABLE INC.	","Time Warner Cable	"
"TIME WARNER CABLE INFORMATION SERVICES (HAWAII), LLC	","Time Warner Cable Information Services (Hawaii)	"
"TIME WARNER ENTERTAINMENT COMPANY, L.P.	","Time Warner Entertainment Company	"
"TINFOIL SECURITY INC	","Tinfoil Security	"
"TODD RADFORD	","Todd Radford	"
"TOMAHAWK DEFENSE, LLC	","Tomahawk Defense	"
"TONAWANDA SPORTSMEN'S CLUB INC	","Tonawanda Sportsmen's Club	"
"TOTAL CONCEPT 360 CONSULTING, LLC	","Total Concept 360 Consulting	"
"TRAILBOSS ENTERPRISES, INC.	","Trailboss Enterprises	"
"TRAINING CONNECTION INCORPORATED (6903)	",Training Connection
"TREASURE ELECTRONICS INC	","Treasure Electronics	"
"TREEFORT INC	","Treefort	"
"TRI-COR INDUSTRIES, INC.	","Tri-Cor Industries	"
"TRIMECH SOLUTIONS, LLC	","Trimech Solutions	"
"TRINITY SERVICES GROUP, INC.	","Trinity Services Group	"
"TRIRIGA INC	","Tririga	"
"TROFHOLZ TECHNOLOGIES, INC.	","Trofholz Technologies	"
"TRS INC.	","TRS	"
"TRUCKVAULT, INC.	","Truckvault	"
"TRUSTED TRANSLATIONS INC	","Trusted Translations	"
"TSRC, INC.	",TSRC
"TSYMMETRY, INC.	","Tsymmetry	"
"TU, LLC	",TU
"TUCSON HOTELS LP	",Tucson Hotels
"TWENTYEIGHTY STRATEGY EXECUTION, INC.	","Twentyeighty Strategy Execution	"
"TYCO INTEGRATED SECURITY LLC	","Tyco Integrated Security	"
"U S  GOVERNMENT CONSULTING GRO	",U S Government Consulting Group
"U S  TACTICAL SUPPLY INC	","U S Tactical Supply	"
"U S BUSINESS INTERIORS INCORPORATED	","U S Business Interiors	"
"U S TACTICAL SUPPLY INC	","U S Tactical Supply	"
"U.S. BANCORP	","U.S. Bancorp	"
"U.S. FEDERAL SOLUTIONS, INC.	","U.S. Federal Solutions	"
"U.S. LEGAL SUPPORT, INC.	","U.S. Legal Support	"
"ULTIMATE TRAINING MUNITIONS, INC	","Ultimate Training Munitions	"
"UMBC TRAINING CENTERS LLC	","UMBC Training Centers	"
"UNIFIRST CORPORATION	",Unifirst
"UNIFORMS MANUFACTURING, INC.	","Uniforms Manufacturing	"
"UNISTAR-SPARCO COMPUTERS, INC.	","Unistar-Sparco Computers	"
"UNITED PARCEL SERVICE CO.	","United Parcel Service	"
"UNITED PARCEL SERVICE INCORPORATED (OH) (2075)	",United Parcel Service OH
"UNITED SITE SERVICES, INC.	","United Site Services	"
"UNITED TACTICAL SYSTEMS, LLC	","United Tactical Systems	"
"UNIVERSAL LANGUAGE CORPORATION	",Universal Language
"UNIVERSAL MUSIC-MGB NA LLC	","Universal Music-MGB NA	"
"UNIVERSITY OF ALABAMA AT BIRMINGHAM	","University of Alabama at Birmingham	"
"UNIVERSITY OF MARYLAND	","University of Maryland	"
"UNLIMITED STORAGE INC	","Unlimited Storage	"
"URBAN ADVENTURES AT GALLERY PLACE, LLC	","Urban Adventures at Gallery Place	"
"US 21, INC.	","US 21	"
"US ANODIZING, INC	","USA Anodizing	"
"USA COURIERS, INC.	","USA Couriers	"
"UTAH COMMUNICATIONS AUTHORITY	","Utah Communications Authority	"
"V.H. BLACKINTON & CO., INC.	",V.H. Blackinton & Co
"V3 GATE TEAM, LLP	",V3 Gate Team
"V3GATE, LLC	","V3gate	"
"VALDATA TELECOM	","Valdata Telecom	"
"VALYTICS, LLC	","Valytics	"
"VARIDESK, LLC	","Varidesk	"
"VARNER MILLER ASSOCIATES	","Varner Miller Associates	"
"VARNERMILLER, LLC	","Varnermiller	"
"VASTEC, INC.	","Vastec	"
"VENTURA, COUNTY OF	","County of Ventura	"
"VENTURE NETCOMM, INC.	","Venture Netcomm	"
"VERMONT STATE COLLEGES	","Vermont State Colleges	"
"VETERAN TECHNOLOGY PARTNERS II LLC	","Veteran Technology Partners	"
"VF IMAGEWEAR, INC.	","VF Imagewear	"
"VICON INDUSTRIES INC	","Vicon Industries	"
"VICTORY SUPPLY, LLC	","Victory Supply	"
"VIDENTIFIER TECHNOLOGIES EHF	","Videntifier Technologies	"
"VIKING CORPORATION, THE	",The Viking
"VILLAGE OF OAK LAWN, THE	","The Village of Oak Lawn	"
"VINELAND, CITY OF	","City of Vineland	"
"VIRGINIA POLYTECHNIC INSTITUTE & STATE UNIVERSITY	","Virginia Polytechnic Institute & State University	"
"VISIONARY INTEGRATION PROFESSIONALS LLC	","Visionary Integration Professionals	"
"VISIONWORX, LLC	","Visionworx	"
"VISTA OUTDOOR SALES LLC	","Vista Outdoor Sales	"
"VISUAL SYSTEMS GROUP, INC.	","Visual Systems Group	"
"VOHNE LICHE KENNELS INC	","Vohne Liche Kennels	"
"VOLEXITY, INC.	","Volexity	"
"VOLICON INC.	","Volicon	"
"VONHOF, JEANNE M ARBITRATOR AND MEDIATOR	","Jeanne M Vonhof, Arbitrator and Mediator	"
"VOUND COLORADO, LTD.	","Vound Colorado,	"
"W W GRAINGER, INC	","W W Grainger	"
"WABANA GROUP LLC	","Wabana Group	"
"WACKENHUT SERVICES, INCORPORATED	","Wackenhut Servicesorporated	"
"WATCH SYSTEMS LIMITED LIABILITY COMPANY	","Watch Systems 	"
"WEBER COMPUTER SUPPLY COMPANY	","Weber Computer Supply Company	"
"WEBSEDGE LTD	","Websedge Ltd	"
"WECSYS LIMITED LIABILITY COMPANY (6769)	","WECsys	"
"WECSYS LLC	","WECsys	"
"WEIDENBENNER MARKETING ASSOCIATES, INC.	","Weidenbenner Marketing Associates	"
"WEST PUBLISHING CORPORATION	",West Publishing
"WESTWIND TEAM LLP	","Westwind Team	"
"WEXLER TECHNICAL SOLUTIONS, INC.	","Wexler Technical Solutions	"
"WHISPERING PINES ENTERPRISES, LTD	","Whispering Pines Enterprises	"
"WHITAKER BROTHERS BUSINESS MACHINES INC	","Whitaker Brothers Business Machines	"
"WICKLANDER ZULAWSKI AND ASSOCIATES, INC.	","Wicklander Zulawski and Associates	"
"WIDEPOINT INTEGRATED SOLUTIONS CORP.	","Widepoint Integrated Solutions	"
"WILDFLOWER INTERNATIONAL LIMITED	",Wildflower International
"WILDFLOWER INTERNATIONAL, LTD.	","Wildflower International,	"
"WINNOW MANAGEMENT CORPORATION	",Winnow Management
"WITMER ASSOCIATES INCORPORATED	","Witmer Associates	"
"WMK SAN ANTONIO LLC	","Wmk San Antonio	"
"WOLCOTT GUNS INC	","Wolcott Guns	"
"WORD SYSTEMS INC	","Word Systems	"
"WORLD WIDE ENTERPRISES INC	","World Wide Enterprises	"
"WRIGGLESWORTH ENTERPRISES, INC.	","Wrigglesworth Enterprises	"
"X BRAND MATTRESS LLC	","X Brand Mattress	"
"XEROX CORPORATION	",Xerox
"XL ASSOCIATES INC.	","XL Associates	"
"XL ASSOCIATES, INC.	","XL Associates	"
"XRAD TELE-SERVICES INC	","Xrad Tele-Services	"
"YOUNG SCALE CO., LLC	","Young Scale Co.	"
"ZEE TECHNOLOGIES, INC.	","Zee Technologies	"
"ZENETEX, LLC	","Zenetex	"
"ZEPHYR AVIATION, LLC	","Zephyr Aviation	"
"ZONES, INC.	","Zones	"
