name, duns
"Amazon.com, Inc.", "884745530"
"AT&T Inc.", "108024050"
"Verizon Communications Inc.", "107212169"
"The Boeing Company", "009256819"
"Microsoft Corporation", "081466849"
"SOFTBANK GROUP CORP.", "690651989"
"Comcast Corporation", "057156663"
"International Business Machines Corporation", "001368083"
"Cellco Partnership", "968904698"
"United Parcel Service, Inc.", "006991681"
"Fedex Corporation", "003141970"
"Charter Communications, Inc.", "150776503"
"Jardine Matheson Holdings Limited", "875632531"
"JOHNSON CONTROLS INTERNATIONAL PUBLIC LIMITED COMPANY", "985594574"
"Johnson Controls, Inc.", "006092860"
"ACCENTURE PUBLIC LIMITED COMPANY", "985015354"
"CANON INC.", "690549662"
"Cox Enterprises, Inc.", "046901799"
"3M Company", "006173082"
"General Dynamics Corporation", "001381284"
"HEWLETT PACKARD ENTERPRISE COMPANY", "079834910"
"SAP SE", "316268655"
"Arrow Electronics, Inc.", "049159957"
"Northrop Grumman Corporation", "967356127"
"DXC Technology Company", "080521853"
"Marriott International, Inc.", "013005702"
"SHARP CORPORATION", "690536925"
"U.S. Bancorp", "006213482"
"Thermo Fisher Scientific Inc.", "001408673"
"EATON CORPORATION PUBLIC LIMITED COMPANY", "985419987"
"RICOH COMPANY,LTD.", "690549118"
"AT&T Mobility LLC", "003548489"
"Centurylink, Inc.", "050911668"
"CAPGEMINI", "382014330"
"Cdw Corporation", "808068253"
"Tyco International Management Company, LLC", "001023472"
"KYOCERA CORPORATION", "690557624"
"Aramark", "791072197"
"Textron Inc.", "001338979"
"INGERSOLL-RAND PUBLIC LIMITED COMPANY", "985033590"
"Ecolab Inc.", "006154611"
"LEONARDO SPA", "428869465"
"V.F. Corporation", "002344208"
"Ernst & Young LLP", "058369562"
"G4S PLC", "737341631"
"Laboratory Corporation of America Holdings", "861422434"
"W.W. Grainger, Inc.", "005103494"
"Xerox Corporation", "049591852"
"Office Depot, Inc.", "153531108"
"Leidos Holdings, Inc.", "611641312"
"Jacobs Engineering Group Inc.", "074103508"
"Teachers Insurance and Annuity Association of America", "001724962"
"RELX GROUP PLC", "230792756"
"RELX PLC", "210244596"
"KONICA MINOLTA, INC.", "690552815"
"L3 Technologies, Inc.", "008898884"
"Hertz Global Holdings, Inc.", "080234851"
"Dell Technologies Inc.", "601839660"
"Emcor Group, Inc.", "017106386"
"Oshkosh Corporation", "006070445"
"Fortive Corporation", "080198742"
"Motorola Solutions, Inc.", "001325463"
"Olin Corporation", "001338086"
"Booz Allen Hamilton Holding Corporation", "964725688"
"Deloitte LLP", "014127109"
"Harris Corporation", "004203337"
"Pricewaterhousecoopers LLP", "001863794"
"ABM Industries Incorporated", "006911622"
"Dell Marketing L.P.", "877936518"
"CSRA Inc.", "080011988"
"Level 3 Parent, LLC", "006970263"
"Northrop Grumman Innovation Systems, Inc.", "618705925"
"Hyatt Hotels Corporation", "602495579"
"Brunswick Corporation", "001307636"
"Science Applications International Corporation", "078745061"
"Caci International Inc", "045534641"
"SMITHS GROUP PLC", "210273256"
"SERCO GROUP PLC", "298452707"
"Johns Hopkins University", "001910777"
"Stericycle, Inc.", "363596297"
"Lexmark International Inc.", "623331717"
"University System of Maryland", "003256088"
"Thomson Company Inc, The", "251100749"
"Gartner, Inc.", "097220180"
"Avaya Holdings Corp.", "808284181"
"Keysight Technologies, Inc.", "079297662"
"Gpv III, Inc.", "627071103"
"Linkedin Corporation", "129133893"
"G4s Secure Solutions (usa) Inc.", "001903723"
"ServiceMaster Global Holdings, Inc.", "079380105"
"Hig Capital Management, Inc.", "824891477"
"The University of Alabama System", "808245794"
"COBHAM PLC", "217006709"
"Booz Allen Hamilton Inc.", "006928857"
"Dollar Thrifty Automotive Group, Inc.", "611239542"
"Pierce Manufacturing, Inc.", "006126999"
"Herman Miller, Inc.", "006012801"
"Hdr, Inc.", "068668805"
"Vista Outdoor Inc.", "079728394"
"Open Text Corporation", "248503187"
"Level 3 Communications, LLC", "073090917"
"The Geo Group Inc", "612706465"
"Hospitality Properties Trust", "926878810"
"Haworth International, Ltd.", "079282059"
"Haworth, Inc.", "072595457"
"Engility Holdings, Inc.", "783837672"
"Johnson Controls Fire Protection LP", "094738007"
"John Wiley & Sons, Inc.", "001519248"
"CoreCivic, Inc.", "159734151"
"The Dun & Bradstreet Corporation", "884114609"
"Unifirst Corporation", "019723535"
"Sp Plus Corporation", "020645206"
"County of Hillsborough", "069672137"
"Cubic Corporation", "008382293"
"Fisher Scientific Company LLC", "004321519"
"Fiskars Oyj Abp", "368401212"
"ADS Tactical, Inc.", "078857127"
"Atlantic Diving Supply, Inc.", "027079776"
"Sra International, Inc.", "097779698"
"Maxim Healthcare Services, Inc.", "606290401"
"Coxcom, LLC", "071172589"
"Time Warner Cable Enterprises LLC", "790784474"
"Vf Imagewear, Inc.", "004048013"
"The Mitre Corporation", "007872690"
"Northeastern University", "001423631"
"Nana Regional Corporation, Inc.,", "079253761"
"Zones, Inc", "195590237"
"Denver Health and Hospitals Authority Inc", "093564180"
"Virginia Polytechnic Institute & State University", "003137015"
"Veritas Capital Fund Management, L.L.C.", "078628925"
"West Publishing Corporation", "148508286"
"Sharp Electronics Corporation", "001818012"
"Concur Technologies, Inc.", "867262263"
"Carahsoft Technology Corp.", "088365767"
"Aramark Uniform & Career Apparel, LLC", "088389739"
"Irobot Corporation", "807380951"
"The Terminix International Company Limited Partnership", "157241688"
"Chenega Corporation", "622692994"
"Maui Acquisition Corp.", "078602866"
"Safariland, LLC", "090161188"
"H Group Holding, Inc", "107636946"
"Altec, Inc.", "086694861"
"CSRA LLC", "079735371"
"Remington Arms Company, LLC", "001453216"
"Cubic Global Defense, Inc.", "033747226"
"Altec Industries, Inc.", "004001731"
"Management & Training Corporation", "039203740"
"Grupo Aeroportuario del Sureste, S.A.B. de C.V.", "812417640"
"4IMPRINT GROUP PLC", "218114890"
"Krueger International, Inc.", "032672651"
"Progressive Environmental Services, Inc.", "829695530"
"Tucson Hotels LP", "824878086"
"Centerra Group, LLC", "073891921"
"Tessco Technologies Incorporated", "022634265"
"Lionbridge Technologies, Inc.", "004671400"
"Unicom Global, Inc.", "078570513"
"Peraton Inc.", "602938771"
"Club Car, LLC", "088605787"
"Constellis Holdings, LLC", "966133477"
"Tessco Incorporated", "084215677"
"Ricoh Usa, Inc.", "043964519"
"Convergint Technologies LLC", "029640740"
"Stamps.com Inc.", "010521297"
"B & H Foto & Electronics Corp.", "116012659"
"The Keyw Holding Corporation", "961665820"
"LUXFER HOLDINGS PLC", "236960576"
"ECONOMIST NEWSPAPER LIMITED(THE)", "210091856"
"Palantir Technologies Inc.", "362130952"
"Trinity Services Group, Inc.", "621804913"
"The Keyw Corporation", "827110136"
"Cummins - Allison Corp.", "005069760"
"Hawaiian Telcom Holdco, Inc.", "784964426"
"Cohu, Inc.", "008381758"
"Thundercat Technology, LLC", "809887164"
"Takkt America Holding, Inc.", "042630900"
"Cdw Government LLC", "026157235"
"Alvarez LLC", "160759135"
"Eclinicalworks, LLC", "136815235"
"Ace Parking Management, Inc.", "073351538"
"Colt Defense Holding LLC", "603395794"
"Terteling Holding Company, Inc.", "007978117"
"Colt Defense LLC", "121396217"
"Red River Technology LLC", "933678708"
"Cision US Inc.", "005191895"
"RIGAKU CORPORATION", "690549415"
"Emcor Government Services, Inc.", "858888761"
"Shred-It International ULC", "251923587"
"Serco Services, Inc.", "014387489"
"The Aleut Corporation", "020256798"
"Unicom Systems Inc.", "161395389"
"Pelican Products, Inc.", "082193277"
"Bob Barker Company, Inc.", "058525536"
"United Site Services, Inc.", "133036850"
"Government Scientific Source, Inc.", "785807611"
"Inseego Corp.", "080483434"
"Novatel Wireless, Inc.", "111023727"
"Unicom Government, Inc.", "107939357"
"H&K AG", "331266275"
"Purple Communications, Inc.", "123716578"
"Kyocera Document Solutions America, Inc.", "064465503"
"The Veritas Capital Fund II L P", "160610809"
"Galls, LLC", "042598482"
"B.I. Incorporated", "094160959"
"Immixtechnology, Inc.", "098692374"
"Franklin Covey Co.", "113402713"
"National Business Furniture LLC", "076164771"
"All Points Logistics, LLC", "968451591"
"Point Blank Enterprises, Inc.", "078855857"
"U.S. Legal Support, Inc.", "002688059"
"Prudential Overall Supply", "028579803"
"Omniplex World Services Corp", "619712672"
"Fedcap Rehabilitation Services, Inc.", "071017115"
"Cornell Companies, Inc.", "797470549"
"New Tech Solutions, Inc.", "020149303"
"Dlt Mergerco LLC", "079720068"
"Dlt Solutions, LLC", "786468199"
"Comprehensive Health Holdings, Inc.", "078411793"
"Pgs Group AB", "355783010"
"The Escal Institute of Advanced Technologies Inc", "111476313"
"Testequity LLC", "623425563"
"Four Points Technology, L.L.C.", "089896737"
"V3gate, LLC", "808862598"
"Wildflower International, Ltd.", "619719693"
"Vista Outdoor Sales LLC", "079331239"
"Vermont State Colleges", "071088637"
"Dlh Holdings Corp.", "068678788"
"Panamerica Computers, Inc.", "166669742"
"FRONTEO, INC.", "710060653"
"Globalstar, Inc.", "148301935"
"Anacapa Micro Products, Inc.", "556496370"
"Guidance Software, Inc.", "013814426"
"Visionary Integration Professionals, Inc.", "806785247"
"Phacil, Inc.", "054885111"
"Satcom Direct, Inc.", "078975807"
"Leupold & Stevens, Inc.", "045776796"
"Federal Resources Supply Company", "806647801"
"Lrp Publications, Inc.", "085698900"
"Akira Technologies, Inc.", "605928246"
"MA Federal, Inc.", "942408766"
"Entech Sales and Service, LLC", "023573108"
"Govsmart, Inc.", "961600272"
"N2grate Government Technology Solutions, LLC", "963510578"
"Landoll Corporation", "031331051"
"Language Line Holdings, Inc.", "170009687"
"Visionary Integration Professionals, LLC", "036943280"
"Arotech Corporation", "825036189"
"Stg International, Inc.", "179570403"
"R&R Enterprises, Inc.", "013567606"
"Telerik Inc.", "868038840"
"Conference Technologies, Inc.", "619503634"
"Tecolote Research, Inc.", "074108176"
"FN America, LLC", "098401086"
"K'Oyitl'ots'ina, Limited", "943392522"
"Textron Inc.", "023211535"
"Varidesk, LLC", "079464963"
"Asset Protection & Security Services, LP", "009741828"
"National September 11 Memorial and Museum At The World Trade Center Foundation, Inc.", "178480146"
"Accessdata Group, Inc.", "963484485"
"Forge Company", "107930133"
"Spartan Chemical Company, Inc.", "005036728"
"Inforeliance LLC", "143147762"
"Comprehensive Health Services, Inc.", "087701231"
"Widepoint Corporation", "788549012"
"Govplace", "957050883"
"Government Acquisitions, Inc.", "603814054"
"Tsrc, Inc.", "195583778"
"Colonial Parking, Inc.", "072634389"
"Integration Technologies Group, Inc.", "126511963"
"Old Harbor Native Corporation", "187615534"
"Mythics, Inc.", "013358002"
"Blue Canopy Group, LLC", "100364152"
"Garrett Electronics, Inc.", "004996112"
"Language Line, LLC", "059682471"
"Good Source Solutions, Inc.", "158110697"
"American Expediting Company", "108840075"
"Kpaul Properties, LLC", "785308797"
"Knight Point Systems, LLC", "622594492"
"L C Industries Inc.", "003197803"
"Glock, Inc.", "148099450"
"H S Morgan Limited Partnership", "859780389"
"Price Modern LLC", "003073525"
"Excella Consulting, Inc.", "124023404"
"GRANT THORNTON INTERNATIONAL LIMITED", "347201258"
"Booz Allen Hamilton Engineering Services, LLC", "075916762"
"Coronado Distribution Company, Inc.", "965961860"
"Affordable Interior Systems, Inc.", "969380372"
"Affordable Interior Systems, Inc.", "626060222"
"Danya International LLC", "009741190"
"Cambridge International Systems Inc.", "074343414"
"Data Systems Analysts, Inc.", "048620512"
"HDR Environmental, Operations and Construction, Inc.", "785918954"
"Lyme Computer Systems, Inc.", "144763067"
"Avaya Federal Solutions, Inc.", "790472240"
"Advanced Educational Products, Inc.", "966326514"
"ADC Ltd NM", "146389994"
"Loyal Source Government Services LLC", "831017848"
"Combined Systems, Inc.", "057223794"
"Thermo Scientific Portable Analytical Instruments Inc.", "112893131"
"Witmer Public Safety Group, Inc.", "928251321"
"Management Concepts, Inc.", "082355652"
"Nc4 Inc.", "143630502"
"Adorama Inc.", "087403499"
"Zenetex, LLC", "125368121"
"The Office Group Inc", "119079903"
"Sirina Fire Protection Corp.", "624851515"
"Ovation Enterprises, Inc.", "014089630"
"Amazon.Com LLC", "128990368"
"Optech, L.L.C.", "127865447"
"Cisco-Eagle, Inc.", "153523022"
"Astrophysics Inc.", "138619452"
"Computech International, Inc.", "932683121"
"Unistar-Sparco Computers, Inc.", "959391509"
"McCall Handling Co.", "002544492"
"Global Precision Systems, LLC", "805596710"
"G T Distributors, Inc.", "147131627"
"Sevatec Inc.", "132599668"
"Calspan Corporation", "171078947"
"Cq-Roll Call, Inc.", "780247644"
"Premier & Companies, Inc.", "784141384"
"Integral Consulting Services Incorporated", "018193669"
"Tenergy Corporation", "799056143"
"Kdh Defense Systems, Inc.", "142984124"
"Blackstone Technology Group", "112074757"
"Faac Incorporated", "175204163"
"Opsec Security, Inc.", "836425207"
"Twentyeighty Strategy Execution, Inc.", "120840798"
"B.E. Meyers & Co. Inc.", "086251469"
"Graduate School", "040535536"
"Xl Associates, Inc.", "608717450"
"Dkw Communications, Inc.", "832162536"
"Tab Products Co. LLC", "009154659"
"Chenega Facilities Management, LLC", "078650478"
"National Industries For The Blind", "001672120"
"Brown Point Facility Management Solutions LLC", "080438446"
"Jatom Systems Inc", "242694172"
"Equus Holdings, Inc", "079481120"
"Rimage Corporation", "151772530"
"Trailboss Enterprises, Inc.", "879740454"
"Fcn, Inc.", "615378007"
"Micro Systemation AB (Publ)", "355229832"
"Global Tech Inc.", "171898732"
"Atkinson-Baker, Inc.", "607957693"
"Central Lake Armor Express, Inc.", "602335882"
"Aeec, LLC", "036279193"
"Impres Technology Solutions, Inc.", "011182784"
"The J Diamond Group Inc", "883217606"
"Farber Specialty Vehicles, Inc.", "106001675"
"Ceia Usa, Ltd", "176329795"
"Snap, Inc.", "007805067"
"Scaletta Moloney Armoring Corp", "847414760"
"Optivor Technologies, L.L.C.", "112865048"
"Tri-Cor Industries, Inc.", "146881875"
"American Alarm & Communications, Inc.", "062164900"
"One Stop Environmental, LLC", "806933284"
"Southwest Solutions Group, Inc.", "171909963"
"Allclear Id, Inc.", "790818772"
"Abba Technologies, Inc.", "829063734"
"Nosler, Inc.", "009028176"
"Promaxima Manufacturing, Ltd.", "606673937"
"Phoenix Textile Corporation", "103202859"
"Production Automation Corporation", "066828476"
"Focus Camera, Inc.", "147996417"
"Keypoint Government Solutions, Inc.", "152867235"
"Casey & Hayes, Inc.", "003773603"
"Aerostar Airport Holdings, LLC", "078738235"
"Marlin Equity Partners III, L.P.", "611639688"
"Trofholz Technologies, Inc.", "119514144"
"Bahfed Corp.", "078277396"
"Vicon Industries, Inc.", "043837947"
"Capgemini Government Solutions LLC", "132048377"
"Ewa Government Systems, Inc.", "103197583"
"International Association of Chiefs of Police, Incorporated", "072632482"
"Fedresults, Inc.", "884261082"
"Atd-American Co.", "001992338"
"Broadcast Microwave Services, Inc", "032006470"
"American Security Programs, Inc", "879059400"
"Sayres and Associates Corp", "017610036"
"Citizant, Inc.", "068729529"
"ABM Federal Sales, Inc.", "064632888"
"Inseego North America, LLC", "800250008"
"MCP Computer Products Inc.", "022567908"
"Hanaps Enterprises", "101753403"
"Chief Supply Corporation", "929305191"
"Simon Wiesenthal Center, Inc.", "151580305"
"V.H. Blackinton & Co., Inc.", "001197789"
"17th St. Photo Supply, Inc.", "786094003"
"Maryland Economic Development Corporation", "118030845"
"Square One Armoring Services Co", "787361302"
"Alexander Electric Co.", "033638016"
"Ardent Management Consulting, Inc.", "617942987"
"Savantage Financial Services, Inc.", "878187012"
"Selex Es Inc.", "198749777"
"ISS Action, Inc.", "166084541"
"Paladin Capital Group", "620371422"
"United Tactical Systems, LLC", "078537385"
"Complete Book & Media Supply, LLC", "010891187"
"Kcorp Technology Services, Inc.", "131666708"
"Trimech Solutions, LLC", "014197144"
"FOSTER & FREEMAN LIMITED", "226012417"
"Integrated Parcel Network", "122767437"
"Satcom Direct Communications, Inc.", "141315924"
"Datum Filing Systems, Inc.", "061974549"
"Venturehouse Group LLC", "825796688"
"Visual Systems Group, Inc.", "084567473"
"Helgen Industries, Inc.", "093315810"
"Personnel Decisions Research Institutes, LLC", "037335296"
"Federal Management Systems, Inc.", "627810476"
"Gemini Industries Inc.", "197503212"
"Outlook-Nebraska, Inc.", "001807549"
"Allworld Language Consultants Inc.", "949873624"
"U.S. Business Interiors, Inc.", "614386019"
"Swank Motion Pictures, Inc.", "006301154"
"L & R Manufacturing Co Inc", "002176741"
"Recovery Point Systems, Inc.", "018385547"
"Online Consulting, Inc.", "125047027"
"Terathink Corporation", "114921872"
"Miracle Systems LLC", "133239397"
"Integrio Technologies, LLC", "156992745"
"US 21, Inc.", "040928496"
"Golden Key Group, LLC", "111187295"
"Acuity, Inc.", "103312802"
"Pyramid Systems, Inc.", "956122402"
"Medical Technology Associates, Inc.", "037300886"
"Clearavenue, LLC", "124289708"
"Cellebrite Inc.", "033095568"
"Fpmi Solutions, Inc.", "143339492"
"Exxact Corporation", "788479368"
"Ellison Systems Inc.", "942173550"
"The Corporate Source Inc", "018836440"
"Cbt Nuggets, LLC", "784227402"
"Caprice Electronics, Inc.", "092658152"
"Gaylord Bros., Inc.", "135745219"
"Tqm, LLC", "883012874"
"Whitaker Brothers Business Machines, Inc", "024292732"
"Ingenesis Inc.", "019992424"
"American Purchasing Services, LLC", "062722038"
"McKinsey & Company, Inc. Washington D.C.", "825229318"
"Marentco, Inc.", "010552933"
"SAI Systems International, Inc.", "879774248"
"Widepoint Integrated Solutions Corp.", "004693904"
"Native Energy & Technology, Inc.", "080778868"
"Ase Direct, Inc.", "616385667"
"Security Engineered Machinery Co., Inc.", "005957329"
"Ana-Lab Corporation", "058667809"
"Nyp Corp. (formerly New Yorker-Peters Corporation)", "001774090"
"Talton Communications, Inc.", "136890881"
"Customer Value Partners, Inc.", "113045715"
"Kadix Systems, LLC", "127327877"
"Diverse Staffing Services, Inc.", "090012183"
"International Television Corp", "028525582"
"Brede-Washington, Inc.", "003250552"
"The ARC of Cumberland and Perry Counties", "071191787"
"Cannon IV, LLC", "075961300"
"Tsymmetry, Inc.", "070899393"
"Asso For The Blind and Visually Impaired-Goodwill Industries of Greater Rochester, Inc.", "073695165"
"Inserso Corporation", "059354865"
"Canal Alarm Devices, Inc.", "103280830"
"Alert Holdings Group, Inc.", "033174293"
"The Lioce Group Inc", "798247446"
"Omnifics, Inc.", "121556096"
"Corp Ten International", "112996327"
"Central Association For The Blind, Inc.", "099903148"
"Research Electronics International, LLC", "101760734"
"Liveu Inc.", "004366082"
"Brmi Consulting, Inc.", "151288037"
"Ben Fitzgerald Real Estate Services, L.L.C.", "053117149"
"Lincoln Securities Corp.", "050726181"
"Pen-Link, Ltd.", "195956636"
"B & K Technology Solutions Inc.", "139397058"
"The Medalcraft Mint Inc", "006130371"
"Singhal & Co, Inc", "137072729"
"Visionworx, LLC", "124116463"
"American Immigration Lawyers Association", "053109898"
"Insight Technology Solutions Inc.", "052311607"
"Franklin Covey Client Sales Inc", "012290503"
"H. L. Dalis, Inc.", "008921660"
"Logistics Applications Inc.", "177039286"
"Compu Dynamics, LLC", "118727283"
"Omni Business Systems-Fax Plus Inc.", "193803103"
"Westwind Computer Products, Inc.", "876868563"
"Portals Hotel Site LLC", "135471162"
"Global Resource Solutions, Inc.", "610974201"
"Amron International, Inc.", "086003852"
"C.F.I. Delivery, Ltd.", "931670392"
"Emergent, LLC", "781797712"
"Forfeiture Support Associates LLC", "134510648"
"A. Harold and Associates LLC", "130381051"
"Supreme Security Systems, Inc.", "945163509"
"Advanced Technologies and Laboratories (atl) International, Inc", "827013467"
"The Go To Group Inc", "146047928"
"Federal Contracts Corp", "094261935"
"Annams Systems Corporation", "869159897"
"Electronic Risks Consultants, Inc", "025761714"
"Sytel, Inc.", "361625932"
"Spectrum Services Group, Inc", "828301213"
"Penn Tool Co Inc", "011520277"
"Shiffler Equipment Sales, Inc.", "064103047"
"Federal Cartridge Company", "006254833"
"Protective Products Enterprises, Inc.", "961868721"
"ARC Aspicio LLC", "168719552"
"Anchortex Corporation", "615503877"
"Bulletin Intelligence LLC", "827749289"
"Sixt Rent A Car, LLC", "969770952"
"PRAESIDIUM SPA", "338309115"
"Provengo, LLC", "142120273"
"Cartridge Technologies, Inc.", "556978807"
"A2z Supply Corp", "808414531"
"Bml Tool & Mfg Corp.", "046420766"
"Dtc Communications, Inc.", "190828541"
"Aero Mobility, Inc.", "802856083"
"Resurgens Risk Management Inc", "845109339"
"Certified Languages International, LLC", "009636361"
"Optim LLC", "052927001"
"Dakota Consulting, Incorporated", "168926264"
"Integrityone Partners, Inc.", "015277887"
"Envision Xpress, Inc.", "118860779"
"Defense Point Security, LLC", "832904770"
"B.V. Oil Company, Inc.", "107689713"
"Software Forensics, Inc", "612674457"
"Southern Police Equipment Company, Inc.", "058916180"
"Government Contract Solutions Inc", "948928270"
"H Squared, Inc.", "063079268"
"Macro Companies, Inc. of Delaware", "034302497"
"Kel-Tech Plastics, Inc.", "027541754"
"Project Performance Company LLC", "622496230"
"Access Products, Inc.", "151045309"
"J.P. Industries, Inc.", "958098352"
"T-Rex Solutions, LLC", "062808535"
"M-Pak, Inc.", "082894929"
"Last Mile, Inc.", "037153124"
"Deluxe Delivery Systems Inc.", "191974203"
"AVA RISK GROUP LIMITED", "750159915"
"Heckler & Koch Defense Inc.", "134466999"
"Eastern Carolina Vocational Center, Inc.", "075553560"
"Kapsuun Group, LLC", "079539589"
"Shore Solutions, Inc.", "968058177"
"Adaptive Digital Systems, Inc.", "043957141"
"American Correctional Association", "074811571"
"Universal Music-Mgb NA LLC", "605437870"
"Starside Security & Investigation, Inc.", "097786441"
"Contract Furnishings, Inc.", "100650816"
"Sunshine Makers, Inc.", "068206705"
"Fedstore Corporation", "051237027"
"Independent Hardware, Inc.", "051398089"
"Allied Modular Building Systems Incorporated", "617606645"
"Computer Projects of Illinois, Inc.", "166994863"
"Umbc Training Centers LLC", "198350394"
"Rhg Group, Inc.", "178074969"
"Lafayette Instrument Company, Inc.", "005080650"
"Csi Aviation, Inc.", "102793460"
"North Central Sight Services, Inc.", "079186185"
"Alta Language Services, Inc", "034595699"
"Reconrobotics, Inc.", "191067664"
"The Lighthouse For The Blind In New Orleans Incorporated", "008188898"
"Meristar Pentagon City, LLC", "099430634"
"Word Systems Inc", "085619880"
"Logicube, Inc.", "868095969"
"Black Gold Industries", "182004838"
"Luxfer Magtech, Inc.", "079446686"
"Azimuth Corporation", "030352822"
"Emtec Federal, LLC", "064299332"
"Bizflow Corp.", "008913373"
"Conduit Language Specialists, Inc.", "005065946"
"At Your Service Heating & Cooling LLC", "009557104"
"Hudson River Park Trust", "803838374"
"Safari Books Online, LLC", "623591174"
"Jtf Business Systems Corporation", "948396890"
"Range Systems, Inc.", "965573421"
"Advanced Government Solutions, Inc.", "183749220"
"Advanced Defense Technologies Inc.", "783014954"
"Sirina Protection Systems Corp.", "009266052"
"C2g, Ltd Co.", "827663563"
"Safer Society Group Sweden AB", "350663899"
"Jdl Digital Systems, Inc.", "165449872"
"Strategic Enterprise Solutions, Inc.", "129148610"
"Ics Jail Supplies, Inc.", "148161193"
"JAVA PRODUCTIONS, INC.", "143692858"
"STRONG GROUP, INC.", "057823684"
"Truckvault, Inc.", "962916144"
"Venture Netcomm, Inc.", "942320656"
"Springfield, L.L.C.", "187568928"
"Weber Computer Supply Company", "613480586"
"Young Franklin International Inc", "113785385"
"Sonitrol Security Services, Inc.", "070622857"
"Watch Systems, L.L.C.", "110482101"
"Vastec, Inc.", "808137546"
"Wecsys LLC", "836284091"
"Bishop & Associates, Inc.", "192060796"
"Netcom Learning Inc.-NY", "078843526"
"Daigger Scientific, Inc.", "079748458"
"C & C International Computers & Consultants, Inc.", "932469612"
"Service Works Inc.", "171852098"
"APL Access & Security, Inc.", "182546234"
"Bennet Communications, Inc.", "956259105"
"Blue Fish Worx LLC", "132286332"
"Hawaiian Telcom Services Company, Inc", "190856190"
"Karda Systems LLC", "808474212"
"Association of Government Accountants", "072633340"
"Global Data Center Inc.", "926705633"
"Sentry Air Systems, Inc.", "121016844"
"Solutions Through Innovative Technologies, Inc.", "003592412"
"Technical Communities, Inc.", "086438152"
"Jenkins Security Consultants, Inc.", "926769431"
"Data Facts Inc", "784635021"
"Procentrix, Inc.", "626154640"
"Central States Wire Products, Inc.", "088692843"
"Lund Industries, Inc.", "066224189"
"Volicon Inc.", "152871823"
"Automation Aids, Inc.", "048596811"
"Greenzone Solutions, Inc.", "052128984"
"Industrial Video & Control Co., LLC", "066753844"
"Legal Interpreting Services, Inc.", "965603293"
"Signature Technology Solutions, Inc.", "090599171"
"Merrimac Petroleum, Inc.", "199077819"
"Out & Equal Workplace Advocates", "114129591"
"Mmi Outdoor, Inc.", "621407980"
"Marcon International, Inc.", "144906075"
"Ultimate Training Munitions Inc.", "782677426"
"Hergo, Ergonomic Support Systems, Inc.", "791990146"
"Fox River Graphics, LLC", "155143050"
"Metro Office Solutions, Inc.", "787411917"
"Mosaik Solutions, LLC", "828787395"
"Innoviss, Inc.", "962701632"
"TCS Interpreting, Inc.", "112636170"
"Babco International, Inc.", "077176477"
"SHINE ENTERPRISES, LLC", "808354448"
"Lincoln Moving & Storage of Buffalo, Inc.", "009853045"
"Contract Furnishings, Inc.", "940825334"
"Hardware, Inc.", "361400849"
"Crossroads Courier Inc.", "046198011"
"McManis Associates Inc.", "072637457"
"Document Imaging Dimensions, Inc.", "038062712"
"Federal Lock and Safe, Incorporated", "622814648"
"Best-TEC Asbestos Abatement, Inc.", "362572737"
"Specialty Vehicle Solutions, LLC", "113188770"
"Sumuri LLC", "968093398"
"Incident Communication Solutions, LLC", "784154895"
"Botach Inc.", "965068661"
"Securityhunter, Inc.", "610626798"
"Middle Georgia Diversified Industries Inc", "118280150"
"Susteen, Inc.", "797052701"
"Brantley Bros Moving & Storage Co Inc", "051266187"
"Star Poly Bag, Inc.", "001376565"
"Itin Scale Co., Inc.", "020569067"
"Goodco Mechanical Inc", "015490144"
"Rite-Kem, Inc.", "786892927"
"Uniforms Manufacturing, Inc.", "098009814"
"Parker Tide Corp.", "009043600"
"Success Tech Management and Services, Inc.", "017181079"
"Trs Inc.", "098253771"
"Forbes, Inc., C.", "027839211"
"National Sheriffs' Association", "020291605"
"Integrated Finance and Accounting Solutions, LLC", "790473453"
"Interceptor Public Safety Products, Inc.", "926918756"
"Kalos, Inc.", "031414766"
"Rigaku Analytical Devices, Inc.", "078381879"
"Crescent Products, Inc.", "152887261"
"Neal R. Gross and Company, Inc.", "001627124"
"Applied Fundamentals Consulting LLC", "965669000"
"Federal Hearings and Appeals Services, Inc.", "036982932"
"Cjen Inc.", "137200726"
"Owyhee Group Companies", "060704830"
"Wmk San Antonio LLC", "078306688"
"National Cyber-Forensics and Training Alliance Limited.", "191665814"
"J S J Rodriguez, Inc.", "039494143"
"Comcast Business Communications, LLC", "968185491"
"Nova Solutions, Inc.", "194331401"
"Republic Properties Corp", "609647649"
"Justice Packaging Corporation", "783194087"
"Acorn Office Products, LLC", "192770050"
"Jwm Wholesale, Inc.", "083847876"
"Economic Systems, Inc.", "038798468"
"Beacon Telecom, Inc.", "873107627"
"Knowledgebank, Inc.", "132498200"
"Aardvark", "861004349"
"Swish Data Corporation", "623506107"
"Imsolutions LLC", "122559698"
"SPS Industrial Inc.", "167960462"
"Metropolitan Interpreters & Translators, Inc.", "186945325"
"National Commission On Correctional Health Care", "167646140"
"Future Fibre Technologies (us) Inc.", "602667839"
"Copier Fax Business Technologies, Inc.", "621647056"
"Capital Compressor, Inc.", "131951972"
"General Dynamics Information Technology, Inc.", "067641597"
"PATRIOT SOLUTIONS, INC", "132222063"
"Wrigglesworth Enterprises Inc", "612878772"
"Foster & Freeman USA Inc.", "136391252"
"Continental Transportation Solutions, Inc.", "092430107"
"M.A.N.S. Distributors, Inc.", "601903479"
"Mavagi Enterprises Inc", "030963826"
"Digital Intelligence, Inc.", "085783707"
"Crowne Plaza Tampa Westshore", "828983200"
"Lionbridge Global Solutions II, Inc.", "134265938"
"Language Training Center, Inc.", "939827127"
"TAYLOR HOLDINGS, LLC", "073407728"
"Metro Office Products, LLC", "791326312"
"Shoe Corporation of Birmingham, Inc.", "061141891"
"ESCGOV, INC.", "136155178"
"USA Couriers, Inc.", "133129044"
"Fire Safety Systems Inc.", "108608555"
"Guidehouse LLP", "079529872"
"Heuresis Corp", "042557936"
"Ipi Grammtech Ltd", "617441894"
"Fileonq, Inc.", "179886916"
"Delany, Siegel, Zorn & Associates, Inc.", "101176097"
"Envisage Technologies, LLC", "018832795"
"Trusted Translations, Inc.", "825892289"
"Spot LLC", "005029718"
"Caribbean School Inc.", "090111733"
"Deva & Associates, P.C.", "789017506"
"The Palmas Academy Inc", "792851032"
"Elevation, Ltd", "144184392"
"Ruag Ammotec Usa, Inc.", "832426261"
"Bashen Corporation", "877933408"
"Kcorp Support Services, Inc.", "790993252"
"Athens Technical Specialists, Inc", "610342818"
"Weidenbenner Marketing Associates, Inc.", "788828457"
"Cleatech LLC", "069482114"
"Nal Research Corp.", "799458039"
"Allied Ink LLC", "828302864"
"Dell Federal Systems L.P.", "149530219"
"Enforcement Technology Group Inc", "181272209"
"Southeast Vocational Alliance Inc.", "196746916"
"Victory Supply, LLC", "079090324"
"Solv LLC", "835979147"
"Palantir Usg, Inc.", "825284321"
"Connecticut Trailers, Inc.", "796365240"
"Marquis Consulting Services Inc.", "134120422"
"Industries of The Blind, Incorporated", "003219862"
"Interactive Communications Solutions Group, Inc.", "045006140"
"Hr Anew, Inc.", "115415338"
"Pacer Service Center", "942273863"
"Spacesaver Storage Systems, Inc.", "796830029"
"Bcs Systems, Inc.", "788459154"
"M V M, Inc.", "038049532"
"Cbx Holding, LLC", "079414138"
"Imagann Cleaning Service, Inc.", "027284830"
"Sci, Inc.", "195970504"
"People's Accident Information Service, Inc.", "048229301"
"Msab Incorporated", "831301762"
"Geo Care LLC", "079787440"
"URBAN ADVENTURES AT GALLERY PLACE, LLC", "787815542"
"Atlantic Management Center, Inc.", "153903802"
"Advanced Technology Group Inc", "848452090"
"International Cartridge Corporation", "840215854"
"Capitol Digital Document Solutions", "807680421"
"Fleet Management Solutions, Inc.", "141544648"
"Rita's Tape Media LLC", "001573596"
"FERBAK, INC.", "103041182"
"Presidential Aviation, Inc.", "036039951"
"Tactical Medical Solutions, Inc.", "131480662"
"Tidewater Distributors, LLC", "802275391"
"Executive Information Systems, LLC", "938289527"
"Communications-Applied Technology Company", "081040214"
"Advantage Technologies, Inc.", "150736700"
"Seva Technical Services, Inc.", "807941625"
"Pacific Link International, Corp.", "809643125"
"Cogent Solutions Inc", "004088980"
"Actionable Intelligence Technologies, Inc.", "109448030"
"D'Tel Communications, Inc", "108319633"
"Potomacwave Consulting, Inc.", "809019180"
"Data-Pages, Inc.", "056294614"
"Indev, LLC", "078577552"
"Wicklander Zulawski and Associates, Inc.", "047182209"
"ABM Industry Groups, LLC", "080590937"
"C & M Truck & Tire Repair Corp", "175124957"
"A-1 Freeman Relocation Services, Inc.", "026498019"
"Osirus, Inc.", "023170694"
"Component Sourcing Group", "785091062"
"Classic Air Charter Inc.", "961704876"
"Managed Care Advisors, Inc.", "001727135"
"JDG Associates, Inc.", "624408167"
"Perfect Fit", "557049830"
"Migrant Clinicians Network", "826662421"
"Pma 13, Inc.", "045281529"
"Wexler Technical Solutions, Inc.", "184347024"
"Scif Solutions, Inc.", "169942591"
"Utah Communications Authority", "001376735"
"Cloudburst Technologies LLC", "192942972"
"Buckstaff Public Safety, Inc.", "076881627"
"Hrworx, LLC", "130902872"
"Saf Eng Associates, Inc", "786065052"
"Kusar Court Reporters & Legal Services, Inc.", "617635735"
"Jeremy Meyer", "801957981"
"Breaching Technologies, Inc.", "168091937"
"B5 Systems, Inc.", "828777867"
"Global Infinity Enterprise Limited Liability Company", "079832637"
"Mlinqs, LLC", "131336773"
"Premium Parking Service LLC", "364156468"
"Nelson Enterprise Technology Services LLC", "827022141"
"Geo-Med, LLC", "166569850"
"Firelake Construction, Inc.", "966127768"
"Carol Davis Reporting, Records & Video, Inc.", "797524352"
"Bovard Inc", "038973392"
"Boss Innovation & Marketing Inc.", "093019953"
"Atlantic Petroleum Mineral Resources", "006772929"
"Nc4 Public Sector LLC", "610509478"
"Ucc-Kp Investment, LLC", "080408824"
"Adams Evidence Grade Technology, Inc.", "014514541"
"Sherburne, County of (inc)", "784134470"
"Immediate System Resources, Inc", "001742662"
"Valytics, LLC", "786569272"
"Quality Coast Incorporated", "791120124"
"Eclipse Business Group, Inc.", "828373006"
"Tech Ops Specialty Vehicles LLC", "080524318"
"Response Marketing, Inc.", "071351449"
"Neo Technologies, Inc.", "613208388"
"Smithmyer Electronics Inc", "184227973"
"Heartsafe America, Inc.", "191418933"
"Jetico Inc. Oy", "540775988"
"Comcast Cable Communications, LLC", "080425729"
"Elite Shooting Sports LLC", "079488432"
"TECHNOLOGY - MANAGEMENT & INNOVATIVE SOLUTIONS, LLC", "135665169"
"F C I Tech Inc.", "622350184"
"PACIFIC LIGHTING MANAGEMENT, INC", "190815519"
"Midwest Security Services, Inc", "078622984"
"Phoenix Trading Inc.", "879289254"
"Bottom Line Military Sales LLC", "146850255"
"Axiscore, LLC", "618932227"
"Pg Public Services, LLC", "133661020"
"Videntifier Technologies ehf.", "365731339"
"Concealed Technology Services Inc.", "038567223"
"Associated Services Inc", "783080526"
"Step Two Investments LLC", "123478914"
"Compass House", "781162391"
"KWizCom Corporation", "243559783"
"Sperry West Inc", "786235663"
"Global Systems of America Corporation", "827839981"
"Carey & Company, Ltd.", "124333886"
"Child Rescue Coalition, Inc.", "070939304"
"U.S. TACTICAL SUPPLY INC.", "021725457"
"New Life Chinese Laundry Inc", "029127727"
"Benchmark Filing & Shelving Systems", "009307336"
"Xrad Tele-Services Inc", "167448955"
"SYSTEC GROUP LLC", "159987093"
"The Viking Corporation", "090031253"
"Phonoscope, Inc.", "080560682"
"Neostek, Inc", "961615924"
"Evacusled Inc", "201786600"
"The Nakamoto Group Inc", "133090261"
"A&M Capital-Gp, LP", "079659453"
"Montrose Air Quality Services, LLC", "079627382"
"Acams Inc", "556820459"
"Pcs Enterprises, Inc.", "004841107"
"Magnet Forensics Usa, Inc.", "080001807"
"Folsom Shooting Club Inc", "945193316"
"Phoenix Supply, LLC", "969347496"
"New Dimension Awards Inc", "021522834"
"The Cresston Company LLC", "125535182"
"Insyte LLC", "167095418"
"Capital Shredder Corp", "966648503"
"Vohne Liche Kennels Inc", "957578685"
"Gps Intelligence LLC", "153956417"
"Allways Shred, Inc.", "932061653"
"Recall Technologies, Inc.", "949171268"
"Prado Family Shooting Range", "064836799"
"Printree LLC", "832503622"
"Bowhead Support Group LLC", "614832819"
"Technical Maintenance and Services Corp.", "151480134"
"Stat Courier Service, Inc.", "045155244"
"Haynes Security Corp", "068025683"
"Creative Corrections, L.L.C.", "143530926"
"Close Quarters Tactical, LLC", "965105120"
"Packet Forensics, LLC", "809189173"
"Green It Systems Group", "966572682"
"M. L. Benjamin Enterprises Inc.", "194508131"
"Enterprise Technology Solutions, Inc.", "005050346"
"SAMPSON PARTNERS LLC", "124623039"
"Ems Safety Services Inc", "878854504"
"Callyo 2009 Corp.", "969239529"
"Winnow Management Corporation", "613026223"
"American Firearms School, LLC", "005180273"
"Bromberg & Associates, L.L.C.", "949053185"
"Aurora Sportsmens Club", "833719065"
"Ecology Mir Group LLC", "079812302"
"Lurk Enterprise Solutions LLC", "079359314"
"Varnermiller, LLC", "797039224"
"Thomson Reuters Special Services LLC", "827821757"
"Bse Performance LLC", "088057158"
"360 Total Concept Consulting, Inc.", "081113627"
"Cbt Supply, Inc.", "019979132"
"Barling Bay, LLC", "135726185"
"Sourcelinq LLC", "106744142"
"Blueline Tactical and Police Supply, LLC", "057900928"
"RIVER CITY RANGE, LLC", "038524929"
"Dentrust Dental International, Inc.", "964551386"
"Hariom Inc.", "198705100"
"Genesis Resource Inc", "805985959"
"Qbase-Mcneil Integrated Solutions Rllp", "961746620"
"Goaltex Corp", "808233274"
"Young Scale Co., LLC", "060643533"
"Federal Defense Solutions, Inc.", "830363177"
"EZ Print Supplies, Llc.", "141254842"
"Angeles Shooting Ranges Inc", "075303198"
"Nord Atlantic Trading Inc", "878515956"
"Treasure Electronics Inc", "078665809"
"Ahtna Support and Training Services, LLC", "609636910"
"Acme Supply Co., Ltd.", "797745718"
"Designsmith Ltd", "615308954"
"Government Training Institute, Inc.", "132095394"
"Presenta Plaque Corporation", "161619705"
"International Satellite Services, Inc.", "048822402"
"Benefit Planning, Inc.", "790801765"
"Cold Box Express, LLC", "079481448"
"Evigilant.com Incorporated", "125744040"
"Safe Restraints, Inc.", "160853300"
"Interior Facilities Design LLC", "184200785"
"Atlantic Signal LLC", "167789531"
"Nterone Corporation", "825060309"
"Foster Products, Inc.", "780519752"
"Rstudio, Inc.", "078643840"
"Hartford Parking Authority", "131242658"
"Eagle Hill Consulting, LLC", "137206202"
"Delitor Inc.", "065717948"
"WHISPERING PINES ENTERPRISES, LTD", "164947314"
"Tomahawk Defense, LLC", "079869344"
"Fronteo Government Services, Inc.", "623624751"
"Premium Stationers, Inc.", "079587040"
"Family First 5 Inc.", "025163324"
"Specialty Cartridge, Inc.", "051749415"
"Government Marketing and Procurement, L.L.C.", "123922788"
"Silas Frazier Realty LLC", "933766441"
"Neil S Hibler PHD Abbp", "059954201"
"N California Regional Public Safety Training Authority", "147851054"
"Ewing Electronics, Inc", "556915130"
"Action Workplace Service", "843444964"
"Zee Technologies, Inc.", "167525638"
"Wolcott Guns Inc", "827284519"
"The Highlands Ranch Law Enforcement Training Foundation", "126111272"
"Telco Solutions Inc", "175222520"
"Silent Guard Systems Inc", "003210408"
"Risklens, Inc.", "968509575"
"7655762 Canada Inc", "246787951"
"Adapt Pharma Inc.", "079673287"
"Tenica and Associates LLC", "828039789"
"Engel Ballistic Research Inc", "058308508"
"Pacific Datacom Systems Inc.", "144376696"
"Sendum Wireless Corporation", "208142526"
"Treefort Inc", "120559203"
"Mystaire Inc.", "005506826"
"JESUIT REFUGEE SERVICE USA", "112281840"
"Modular Concepts, Inc.", "016538643"
"Mil-Comm Group International, LLC", "079618290"
"Paul Palmer", "618518745"
"Ecovantage Energy Inc.", "042395868"
"Mountain Rf Sensors, Inc.", "079251332"
"Ecs Federal, LLC", "806026852"
"Millennium Health & Fitness Inc.", "026173034"
"World Wide Enterprises Inc", "624462131"
"Tonawanda Sportsmen's Club Inc", "074019126"
"Kell Systems Inc.", "011540031"
"Interconnect Communication Specialists", "937939460"
"Lighted Signs Direct, Inc", "787227599"
"ML Click Marketing LLC", "012480808"
"Hamilton Enterprises, LLC", "825487130"
"Seattle Police Athletic Assoc", "839709532"
"Arcos De Oro, LLC", "832229079"
"Global Traveler LLC", "080000464"
"Alaska Native General Services, LLC", "144280943"
"Science Applications International Corporation", "078883327"
"Commercial Moving Solutions, Inc", "004791238"
"Jack Knelly's Office Furniture Specialties, Inc.", "139137983"
"Interpark LLC", "969943864"
"U.S. Federal Solutions, Inc.", "078711150"
"Rudman Wink Associates, LLC", "806873761"
"Kevin Potter", "023897666"
"SOUTH METRO PUBLIC SAFETY TRAINING FACILITY", "144579815"
"SMD Corporation", "173649976"
"V3 Gate Team, LLP", "078374272"
"R A Mechanical & Sons, Inc.", "932463313"
"Lt Business Solutions, LLC", "133297288"
"Gc Alliance, LLC", "021569329"
"Red Carrot Inc", "031689583"
"Setcan Corporation", "243275612"
"Advanced Marketing & Sales Associates", "008299393"
"Integrated Exhibits Inc", "157597522"
"Installation Morale Welfare Recreation Fund", "182066402"
"Hill & Mac Gunworks LLC", "044976271"
"Costcontrol USA LLC", "807873125"
"Marden Electric L.L.C.", "790637545"
"Pat V. Mack, Inc.", "963846097"
"Joliva Trucking LLC", "828709589"
"Pn Automation, Inc.", "184174394"
"L C Npee", "831108928"
"Express Alliance Courier, Inc.", "167013189"
"Hale Outdoor Products, LLC", "809953081"
"AF&s Products & Services, Inc.", "606936271"
"Akima Global Services, LLC", "832895085"
"Boofighter LLC", "011949569"
"Giant Oak, Inc.", "831127738"
"Norfolk Safe Company", "078689554"
"Hullihens Lawn Care Inc", "046859745"
"Potomac Forum Ltd", "011667040"
"Sandoval Custom Creations, Inc.", "958313769"
"Hunter Systems Group Inc.", "197071892"
"Valdata Telecom", "830952458"
"National Hospitality Management", "948828236"
"Tailored Training Programs, LLC", "783194116"
"Metrotec, Inc.", "022676698"
"MATT BURNS LTD", "217402193"
"PRIORITY COURIER", "943629535"
"Act Services Corp", "078360656"
"Go & Zalez Inc.", "957523111"
"J & S Power Solutions Inc", "008172632"
"Chainalysis Inc.", "079827246"
"Smartystreets, LLC", "032543716"
"Entco Government Software LLC", "080509660"
"Southside Garage and Used Auto Parts LLC", "026970634"
"Vonhof, Jeanne M Arbitrator and Mediator", "002906605"
"Rosamilia Builders", "959263484"
"Air Management Solutions Inc", "027287429"
"Richard Tift T", "191386275"
"Maya Interpreters", "010406543"
"Global Reach Petroleum, LLC", "080511443"
"Westwind Team LLP", "078374942"
"Deaf Access Solutions, Inc.", "078748913"
"Marinus Analytics LLC", "079410657"
"Copper River Enterprise Services, LLC", "079463764"
"Lloyd Interest, LLC", "841284099"
"Vound Colorado, Ltd.", "079453470"
"Griffeye Inc.", "080638467"
"US Anodizing, Inc", "015606251"
"St Net-Apptis Firstsource Joint Venture", "615381907"
"Aircraft Transport Services, Inc.", "012630106"
"Bowhead Communication Services, LLC", "078825612"
"California Highway Patrolman's Club", "111899506"
"X Brand Mattress LLC", "080557824"
"AMPED SOFTWARE INC.", "080040706"
"Patriot Comm", "078368261"
"Simple Technology Solutions, Inc.", "079197169"
"Cih Support, LLC", "039953744"
"Imperial Valley Rifle & Pistol Association", "141089487"
"Zephyr Aviation, LLC", "790555457"
"Wabana Group LLC", "965431047"
"Volexity, Inc.", "079209419"
"ARS Aleut Construction, LLC", "080406524"
"Conduit Transcriptions, LLC", "080510300"
"FS PARTNERS LLP", "078374094"
"Hubstream, Inc", "079254474"
"DIALTONESERVICES L.P.", "080388745"
"Jasper Sawyer Company LLC", "969820914"
"Jacques Catering of NY Inc", "556308158"
"24/7 Enterprises, LLC", "153476226"
"Range 54, LLC", "079518541"
"Enterprise Resource Planned Systems International, LLC", "831860338"
"Tinfoil Security Inc", "927481239"
"Asset Security Tracking Recovery, Llc.", "944508394"
"Paul Radvany", "079944512"
"Obsidian Integration LLC", "080333696"
"Buddy's Snack Bar", "828164087"
"Proxdose Radiation Sensors, LLC", "079845709"
"Cox Arizona Telcom, L.L.C.", "131666567"
"Varner Miller Lori", "844960232"
"Gulf Breeze Properties, II L.L.C.", "156123916"
"Infocus Health, LLC", "965708477"
"360 It Integrated Solutions", "962373515"
"Jennifer Marquardt", "080688784"
"Veteran Technology Partners II LLC", "081030226"
"Michael C Macqueen", "080540981"
"JOHN M DONOGHUE", "148076107"
"Anthony Ibeagha", "828604871"
"Model Concept Communications, LLC", "080747506"
"WISE Corp.", "687763879"
"SIS Global Solutions, LLC", "967796173"
"Seneviratne, Anusha", "081154401"
"San Diego Power, LLC", "080956862"
"Nathaniel Howell", "080526889"
"Todd Radford", "137672239"
"Halo Group, Inc.", "621534887"
"County of Santa Clara", "155922172"
"Fiskars Brands, Inc.", "803836345"
"Trusted Translations, Inc.", "142063333"
"County of Hillsborough", "148102890"
"Commonwealth of Virginia", "003133790"
"Keysight Technologies, Inc.", "058215778"
"The Mitre Corporation", "040540304"
"Northrop Grumman Systems Corporation", "015247885"
"Tucson Hotels LP", "068267934"
"State of Maryland", "001969443"
"State of Connecticut", "004534830"
"Spectrum Security Services, Inc.", "618954465"
"Spectrum Management Holding Company, LLC", "075165949"
"County of San Diego", "009581646"
"Federal Prison Industries, Inc", "103385519"
"Maryland Dept of Public Safety & Correctional Services", "879016178"
"Federal Express Corporation", "610703282"
"County of Bonner", "040179749"
"Sherburne, County of (inc)", "040828980"
"City of Colma", "962843496"
"Federal Express Corporation", "185743655"
"Federal Prison Industries, Inc", "622178747"
"City of Philadelphia", "039723387"
"County of Imperial", "148015449"
"State of Texas", "002537595"
"Booz Allen Hamilton Inc.", "162823777"
"County of Latah", "111642997"
"State of Michigan", "054698428"
"Crime Information Center, Arkansas", "096873760"
"Aimpoint, Inc.", "609074612"
"Government of The United States", "161906193"
"Unifirst Corporation", "126166768"
"General Dynamics Ordnance and Tactical Systems, Inc.", "961846417"
"L3 Technologies, Inc.", "118052013"
"Marriott International, Inc.", "098696925"
"County of Santa Clara", "069118289"
"Olin Corporation", "088736686"
"City of New York", "073299026"
"Enterprise Services LLC", "077817617"
"San Diego Association of Governments", "094016941"
"Deloitte & Touche LLP", "187107958"
"Eaton Corporation", "038006110"
"Deloitte Consulting LLP", "019121586"
"L3 Technologies, Inc.", "112753194"
"United Parcel Service Co.", "155953086"
"Office Depot, Inc.", "614345809"
"Wespavia SA", "371972030"
"City of Long Beach", "197871515"
"Life Fitness, Inc.", "120852520"
"County of Musselshell", "046263810"
"Michigan Department of State Police", "805340247"
"County of Twin Falls", "070922810"
"United Parcel Service, Inc. (oh)", "128729373"
"County of Bonner", "603547944"
"Ernst & Young LLP", "095347159"
"City of Orlando", "055947485"
"Time Warner Cable Enterprises LLC", "962685736"
"Canon U.S.A., Inc.", "116194192"
"County of Pinal", "074447095"
"Six Continents Hotels, Inc.", "088603548"
"Caci-Iss, Inc.", "616205675"
"County of Latah", "060052750"
"General Dynamics Mission Systems, Inc.", "787800114"
"Hit Portfolio I Misc Trs, LLC", "057370025"
"County of Sacramento", "071550800"
"City of Philadelphia", "002323145"
"Grant Thornton LLP", "128159105"
"Town of Islip", "068034438"
"Glock Privatstiftung", "648551240"
"County of Santa Clara", "160530572"
"County of Orange", "877474973"
"Security Solutions Group, L.L.C.", "962380692"
"County of Orange", "009657602"
"The Centurion Group Inc", "155096154"
"Federal Prison Industries, Inc", "626627459"
"University of Maryland", "790934285"
"County of Lane", "030786248"
"County of Kern", "063811350"
"City of Mesa", "020141404"
"Johnson Controls Security Solutions LLC", "007507671"
"Leidos, Inc.", "967488581"
"Konica Minolta Business Solutions U.S.A., Inc.", "626578041"
"County of San Diego", "031779838"
"New York State Department of Motor Vehicles", "806780730"
"City of Hurst", "073155822"
"County of Imperial", "073354573"
"Dev Technology Group, Inc.", "105667401"
"Vermont State Colleges", "807840608"
"Xerox Corporation", "039860122"
"Dun & Bradstreet, Inc.", "135838084"
"Schweizerische Eidgenossenschaft", "485642987"
"TRIDENT ACQUISITION EAD", "523806806"
"County of Ventura", "868478850"
"Peraton Inc.", "125834866"
"County of Ventura", "066691122"
"Executive Office of The State of North Carolina", "872904193"
"Harris Corporation", "021715206"
"Shred-It USA LLC", "176091424"
"County of Clark", "030783757"
"City of New York", "054977231"
"Leidos, Inc.", "967488987"
"ABM Parking Services, Inc.", "787799667"
"Relx Inc.", "877672683"
"Professionals, (the), LLC", "128256950"
"San Diego Association of Governments", "073370843"
"State of Arkansas", "065320400"
"Texas Workforce Commission", "033278685"
"Harris Corporation", "101474992"
"Science Applications International Corporation", "148095086"
"Sprint Communications Company L.P.", "603493677"
"Hit Portfolio I Misc Trs, LLC", "080997786"
"Environmental Quality, Texas Commission On", "808805154"
"City of Long Beach", "075295832"
"Harris Corporation", "184575108"
"Town of Islip", "947905766"
"City of Vineland", "073739955"
"City of Orlando", "070343640"
"Prudential Overall Supply", "099376014"
"Laboratory Corporation of America", "032093028"
"The Village of Oak Lawn", "010588770"
"Department of Emergency Services and Public Protection", "171880859"
"CSRA LLC", "043991108"
